-- MySQL dump 10.13  Distrib 8.0.17, for Win64 (x86_64)
--
-- Host: localhost    Database: nmcnpm
-- ------------------------------------------------------
-- Server version	8.0.17

/*!40101 SET @OLD_CHARACTER_SET_CLIENT=@@CHARACTER_SET_CLIENT */;
/*!40101 SET @OLD_CHARACTER_SET_RESULTS=@@CHARACTER_SET_RESULTS */;
/*!40101 SET @OLD_COLLATION_CONNECTION=@@COLLATION_CONNECTION */;
/*!50503 SET NAMES utf8 */;
/*!40103 SET @OLD_TIME_ZONE=@@TIME_ZONE */;
/*!40103 SET TIME_ZONE='+00:00' */;
/*!40014 SET @OLD_UNIQUE_CHECKS=@@UNIQUE_CHECKS, UNIQUE_CHECKS=0 */;
/*!40014 SET @OLD_FOREIGN_KEY_CHECKS=@@FOREIGN_KEY_CHECKS, FOREIGN_KEY_CHECKS=0 */;
/*!40101 SET @OLD_SQL_MODE=@@SQL_MODE, SQL_MODE='NO_AUTO_VALUE_ON_ZERO' */;
/*!40111 SET @OLD_SQL_NOTES=@@SQL_NOTES, SQL_NOTES=0 */;

--
-- Table structure for table `account`
--

DROP TABLE IF EXISTS `account`;
/*!40101 SET @saved_cs_client     = @@character_set_client */;
/*!50503 SET character_set_client = utf8mb4 */;
CREATE TABLE `account` (
  `account_id` bigint(20) NOT NULL AUTO_INCREMENT,
  `created_at` timestamp NULL DEFAULT NULL,
  `last_modified_at` timestamp NULL DEFAULT NULL,
  `password` varchar(255) CHARACTER SET utf8mb4 COLLATE utf8mb4_swedish_ci DEFAULT NULL,
  `status` bit(1) DEFAULT NULL,
  `username` varchar(255) CHARACTER SET utf8mb4 COLLATE utf8mb4_swedish_ci DEFAULT NULL,
  PRIMARY KEY (`account_id`)
) ENGINE=InnoDB AUTO_INCREMENT=5 DEFAULT CHARSET=utf8mb4 COLLATE=utf8mb4_swedish_ci;
/*!40101 SET character_set_client = @saved_cs_client */;

--
-- Dumping data for table `account`
--

LOCK TABLES `account` WRITE;
/*!40000 ALTER TABLE `account` DISABLE KEYS */;
INSERT INTO `account` VALUES (1,'2019-11-16 06:49:45','2019-11-16 06:49:45','fedcc1e311982c59e21acd3b834e94c2ff9d66aef692f9b96322041a94ce31e8',_binary '','tuhalang'),(2,'2019-11-16 06:49:45','2019-11-16 06:49:45','fedcc1e311982c59e21acd3b834e94c2ff9d66aef692f9b96322041a94ce31e8',_binary '','admin'),(3,'2019-12-02 16:35:42','2019-12-02 16:35:42','b5f9fb77e0acab109b00e419df1a9096fad3e4e29be46cdbe8e3f568ee6a5be9',_binary '','tranvanhoang'),(4,'2019-12-03 06:03:11','2019-12-03 06:03:11','b5f9fb77e0acab109b00e419df1a9096fad3e4e29be46cdbe8e3f568ee6a5be9',_binary '','Hiddenpants');
/*!40000 ALTER TABLE `account` ENABLE KEYS */;
UNLOCK TABLES;

--
-- Table structure for table `account_role`
--

DROP TABLE IF EXISTS `account_role`;
/*!40101 SET @saved_cs_client     = @@character_set_client */;
/*!50503 SET character_set_client = utf8mb4 */;
CREATE TABLE `account_role` (
  `account_id` bigint(20) NOT NULL,
  `role_id` bigint(20) NOT NULL,
  PRIMARY KEY (`account_id`,`role_id`),
  KEY `FKrs2s3m3039h0xt8d5yhwbuyam` (`role_id`),
  CONSTRAINT `FK1f8y4iy71kb1arff79s71j0dh` FOREIGN KEY (`account_id`) REFERENCES `account` (`account_id`),
  CONSTRAINT `FKrs2s3m3039h0xt8d5yhwbuyam` FOREIGN KEY (`role_id`) REFERENCES `role` (`role_id`)
) ENGINE=InnoDB DEFAULT CHARSET=utf8mb4 COLLATE=utf8mb4_swedish_ci;
/*!40101 SET character_set_client = @saved_cs_client */;

--
-- Dumping data for table `account_role`
--

LOCK TABLES `account_role` WRITE;
/*!40000 ALTER TABLE `account_role` DISABLE KEYS */;
INSERT INTO `account_role` VALUES (1,1),(3,1),(4,1),(2,2);
/*!40000 ALTER TABLE `account_role` ENABLE KEYS */;
UNLOCK TABLES;

--
-- Table structure for table `category`
--

DROP TABLE IF EXISTS `category`;
/*!40101 SET @saved_cs_client     = @@character_set_client */;
/*!50503 SET character_set_client = utf8mb4 */;
CREATE TABLE `category` (
  `category_id` bigint(20) NOT NULL AUTO_INCREMENT,
  `created_at` timestamp NULL DEFAULT NULL,
  `last_modified_at` timestamp NULL DEFAULT NULL,
  `image` varchar(255) CHARACTER SET utf8mb4 COLLATE utf8mb4_swedish_ci DEFAULT NULL,
  `name` varchar(255) CHARACTER SET utf8mb4 COLLATE utf8mb4_swedish_ci DEFAULT NULL,
  `quantity` varchar(45) CHARACTER SET utf8mb4 COLLATE utf8mb4_swedish_ci DEFAULT NULL,
  PRIMARY KEY (`category_id`)
) ENGINE=InnoDB AUTO_INCREMENT=15 DEFAULT CHARSET=utf8mb4 COLLATE=utf8mb4_swedish_ci;
/*!40101 SET character_set_client = @saved_cs_client */;

--
-- Dumping data for table `category`
--

LOCK TABLES `category` WRITE;
/*!40000 ALTER TABLE `category` DISABLE KEYS */;
INSERT INTO `category` VALUES (1,'2019-11-22 11:02:06','2019-11-22 11:02:06','https://salt.tikicdn.com/ts/categoryblock/73/0b/bb/89bb46e6dbfe8f2f6a36cefa88f808be.png','Điện thoại','2'),(2,'2019-11-22 11:02:06','2019-11-22 11:02:06','https://salt.tikicdn.com/ts/categoryblock/d7/26/e2/d4baf158b6bc56b3cddd4915870bab8e.png','Máy tính bảng','2'),(3,'2019-11-22 11:02:06','2019-11-22 11:02:06','https://salt.tikicdn.com/ts/categoryblock/d7/26/e2/d4baf158b6bc56b3cddd4915870bab8e.png','Tủ lạnh','2'),(4,'2019-11-22 11:02:06','2019-11-22 11:02:06','https://salt.tikicdn.com/ts/categoryblock/f7/b3/25/6ccf76723c2c8b29d2e519abb93294ac.png','Máy giặt','2'),(5,'2019-11-22 11:02:06','2019-11-22 11:02:06','https://salt.tikicdn.com/ts/categoryblock/d5/6c/ef/6498463f16ae8dabd4cdb1a32bd9035a.png','Ti vi','2'),(6,'2019-11-22 11:02:06','2019-11-22 11:02:06','https://salt.tikicdn.com/ts/categoryblock/8c/a3/fb/8cc9ccc3e202ebe3e2f4dbb9929b16ed.png','Thiết bị game','2'),(7,'2019-11-22 11:02:06','2019-11-22 11:02:06','https://salt.tikicdn.com/ts/categoryblock/2c/3b/98/59ddc2a214b765ad93a9818fd6bba7c9.png','Thiết bị văn phòng','2'),(8,'2019-11-22 11:02:06','2019-11-22 11:02:06','https://salt.tikicdn.com/ts/categoryblock/b7/3c/5e/8f14517c116b777fd61f9e943cff6a17.png','Thiết bị âm thanh','2'),(9,'2019-11-22 11:02:06','2019-11-22 11:02:06','https://salt.tikicdn.com/ts/categoryblock/74/94/d7/25eca218b0de9360f120abc9870a8df1.png','Phụ kiện điện thoại','2'),(10,'2019-11-22 11:02:06','2019-11-22 11:02:06','https://salt.tikicdn.com/ts/categoryblock/74/94/d7/25eca218b0de9360f120abc9870a8df1.png','Laptop','2'),(11,'2019-11-22 11:02:06','2019-11-22 11:02:06','https://salt.tikicdn.com/media/upload/2018/03/08/85f30661542516e21f98c1450836fa3a.jpg','Máy tính bàn','2'),(12,'2019-11-22 11:02:06','2019-11-22 11:02:06','https://salt.tikicdn.com/media/upload/2018/01/29/c2d21942a223c4d4ff9ded6ea070e1ff.png','Máy ảnh','2'),(13,'2019-11-22 11:02:06','2019-11-22 11:02:06','https://salt.tikicdn.com/media/upload/2018/01/29/4c7e47d592fa4e642970ebb3349b3022.png','Len - ống kính','2'),(14,'2019-11-22 11:02:06','2019-11-22 11:02:06','https://salt.tikicdn.com/media/upload/2018/01/30/17ab71b174aa29cd2a968c8b38c082d4.png','Phụ kiện máy ảnh','2');
/*!40000 ALTER TABLE `category` ENABLE KEYS */;
UNLOCK TABLES;

--
-- Table structure for table `customer`
--

DROP TABLE IF EXISTS `customer`;
/*!40101 SET @saved_cs_client     = @@character_set_client */;
/*!50503 SET character_set_client = utf8mb4 */;
CREATE TABLE `customer` (
  `customer_id` bigint(20) NOT NULL AUTO_INCREMENT,
  `created_at` timestamp NULL DEFAULT NULL,
  `last_modified_at` timestamp NULL DEFAULT NULL,
  `address` varchar(255) CHARACTER SET utf8mb4 COLLATE utf8mb4_swedish_ci DEFAULT NULL,
  `city_region` varchar(255) CHARACTER SET utf8mb4 COLLATE utf8mb4_swedish_ci DEFAULT NULL,
  `email` varchar(255) CHARACTER SET utf8mb4 COLLATE utf8mb4_swedish_ci DEFAULT NULL,
  `name` varchar(255) CHARACTER SET utf8mb4 COLLATE utf8mb4_swedish_ci DEFAULT NULL,
  `phone` varchar(30) CHARACTER SET utf8mb4 COLLATE utf8mb4_swedish_ci DEFAULT NULL,
  `account_id` bigint(20) DEFAULT NULL,
  PRIMARY KEY (`customer_id`),
  KEY `FKn9x2k8svpxj3r328iy1rpur83` (`account_id`),
  CONSTRAINT `FKn9x2k8svpxj3r328iy1rpur83` FOREIGN KEY (`account_id`) REFERENCES `account` (`account_id`)
) ENGINE=InnoDB AUTO_INCREMENT=4 DEFAULT CHARSET=utf8mb4 COLLATE=utf8mb4_swedish_ci;
/*!40101 SET character_set_client = @saved_cs_client */;

--
-- Dumping data for table `customer`
--

LOCK TABLES `customer` WRITE;
/*!40000 ALTER TABLE `customer` DISABLE KEYS */;
INSERT INTO `customer` VALUES (1,'2019-11-16 06:49:45','2019-11-16 06:49:45','Ninh Bình',NULL,'vanhung101299@gmail.com','Pham Hung','0394675935',1),(2,'2019-12-02 16:35:42','2019-12-02 16:35:42','cacasc fa','','sktt1nhox1999@gmail.com','Hoangf','0386458775',3),(3,'2019-12-03 06:03:11','2019-12-03 06:03:11','cacasc faaa','','abcde@gmail.com','fas àvafa','0386458772',4);
/*!40000 ALTER TABLE `customer` ENABLE KEYS */;
UNLOCK TABLES;

--
-- Table structure for table `customer_order`
--

DROP TABLE IF EXISTS `customer_order`;
/*!40101 SET @saved_cs_client     = @@character_set_client */;
/*!50503 SET character_set_client = utf8mb4 */;
CREATE TABLE `customer_order` (
  `order_id` bigint(20) NOT NULL AUTO_INCREMENT,
  `created_at` timestamp NULL DEFAULT NULL,
  `last_modified_at` timestamp NULL DEFAULT NULL,
  `amount` int(11) DEFAULT NULL,
  `confirm_number` int(11) DEFAULT NULL,
  `customer_id` bigint(20) DEFAULT NULL,
  `status` varchar(45) CHARACTER SET utf8mb4 COLLATE utf8mb4_swedish_ci DEFAULT NULL,
  `payment_method` varchar(45) CHARACTER SET utf8mb4 COLLATE utf8mb4_swedish_ci DEFAULT NULL,
  PRIMARY KEY (`order_id`),
  KEY `FKf9abd30bhiqvugayxlpq8ryq9` (`customer_id`),
  CONSTRAINT `FKf9abd30bhiqvugayxlpq8ryq9` FOREIGN KEY (`customer_id`) REFERENCES `customer` (`customer_id`)
) ENGINE=InnoDB AUTO_INCREMENT=4 DEFAULT CHARSET=utf8mb4 COLLATE=utf8mb4_swedish_ci;
/*!40101 SET character_set_client = @saved_cs_client */;

--
-- Dumping data for table `customer_order`
--

LOCK TABLES `customer_order` WRITE;
/*!40000 ALTER TABLE `customer_order` DISABLE KEYS */;
INSERT INTO `customer_order` VALUES (1,'2019-12-02 17:48:25','2019-12-02 17:48:25',10000000,1234567,2,NULL,NULL),(2,'2019-12-02 17:52:34','2019-12-02 17:52:34',10000000,1234567,2,NULL,NULL),(3,'2019-12-03 06:03:56','2019-12-03 06:03:56',20000000,1234567,3,NULL,NULL);
/*!40000 ALTER TABLE `customer_order` ENABLE KEYS */;
UNLOCK TABLES;

--
-- Table structure for table `order_product`
--

DROP TABLE IF EXISTS `order_product`;
/*!40101 SET @saved_cs_client     = @@character_set_client */;
/*!50503 SET character_set_client = utf8mb4 */;
CREATE TABLE `order_product` (
  `created_at` timestamp NULL DEFAULT NULL,
  `last_modified_at` timestamp NULL DEFAULT NULL,
  `quantity` bigint(20) DEFAULT NULL,
  `order_id` bigint(20) NOT NULL,
  `product_id` bigint(20) NOT NULL,
  PRIMARY KEY (`product_id`,`order_id`),
  KEY `FKmx4qjk512djj1adniweb0599c` (`order_id`),
  CONSTRAINT `FKhnfgqyjx3i80qoymrssls3kno` FOREIGN KEY (`product_id`) REFERENCES `product` (`product_id`),
  CONSTRAINT `FKmx4qjk512djj1adniweb0599c` FOREIGN KEY (`order_id`) REFERENCES `customer_order` (`order_id`)
) ENGINE=InnoDB DEFAULT CHARSET=utf8mb4 COLLATE=utf8mb4_swedish_ci;
/*!40101 SET character_set_client = @saved_cs_client */;

--
-- Dumping data for table `order_product`
--

LOCK TABLES `order_product` WRITE;
/*!40000 ALTER TABLE `order_product` DISABLE KEYS */;
INSERT INTO `order_product` VALUES ('2019-12-02 17:48:25','2019-12-02 17:48:25',1,1,15),('2019-12-02 17:52:34','2019-12-02 17:52:34',1,2,15),('2019-12-03 06:03:56','2019-12-03 06:03:56',1,3,16),('2019-12-03 06:03:56','2019-12-03 06:03:56',1,3,17);
/*!40000 ALTER TABLE `order_product` ENABLE KEYS */;
UNLOCK TABLES;

--
-- Table structure for table `product`
--

DROP TABLE IF EXISTS `product`;
/*!40101 SET @saved_cs_client     = @@character_set_client */;
/*!50503 SET character_set_client = utf8mb4 */;
CREATE TABLE `product` (
  `product_id` bigint(20) NOT NULL AUTO_INCREMENT,
  `created_at` timestamp NULL DEFAULT NULL,
  `last_modified_at` timestamp NULL DEFAULT NULL,
  `description` mediumtext CHARACTER SET utf8mb4 COLLATE utf8mb4_swedish_ci,
  `description_detail` longtext CHARACTER SET utf8mb4 COLLATE utf8mb4_swedish_ci,
  `image` varchar(255) CHARACTER SET utf8mb4 COLLATE utf8mb4_swedish_ci DEFAULT NULL,
  `name` mediumtext CHARACTER SET utf8mb4 COLLATE utf8mb4_swedish_ci NOT NULL,
  `price` decimal(10,2) NOT NULL,
  `thumb_image` varchar(255) CHARACTER SET utf8mb4 COLLATE utf8mb4_swedish_ci DEFAULT NULL,
  `category_id` bigint(20) NOT NULL,
  `product_detail_id` bigint(20) NOT NULL,
  `quantity` varchar(45) CHARACTER SET utf8mb4 COLLATE utf8mb4_swedish_ci DEFAULT NULL,
  `status` bit(1) DEFAULT NULL,
  PRIMARY KEY (`product_id`),
  KEY `FK1mtsbur82frn64de7balymq9s` (`category_id`),
  KEY `FKr9faxumx2401v6n081g0ju9u` (`product_detail_id`),
  CONSTRAINT `FK1mtsbur82frn64de7balymq9s` FOREIGN KEY (`category_id`) REFERENCES `category` (`category_id`),
  CONSTRAINT `FKr9faxumx2401v6n081g0ju9u` FOREIGN KEY (`product_detail_id`) REFERENCES `product_detail` (`product_detail_id`)
) ENGINE=InnoDB AUTO_INCREMENT=43 DEFAULT CHARSET=utf8mb4 COLLATE=utf8mb4_swedish_ci;
/*!40101 SET character_set_client = @saved_cs_client */;

--
-- Dumping data for table `product`
--

LOCK TABLES `product` WRITE;
/*!40000 ALTER TABLE `product` DISABLE KEYS */;
INSERT INTO `product` VALUES (15,'2019-11-22 11:04:09','2019-11-22 11:04:09',' ','Thương hiệu	JBL Sản xuất tại	Trung Quốc Kích thước 213 x 87 x 88.5 mm Tần số	65Hz-20kHz Thời gian sạc	4.5 giờ Thời gian pin	12 giờ Dung lượng pin (mAh)	6000mAh Cổng kết nối	Bluetooth (A2DP V1.3, AVRCP V1.5, HFP V1.6, HSP V1.2, cổng audio 3.5mm Trọng lượng	800g SKU	6602865053708','https://salt.tikicdn.com/cache/200x200/media/catalog/product/l/o/loa-jbl-charge-3_6_xam%20(1).u425.d20160531.t123434.jpg',' Loa Bluetooth JBL Charge 3 20W - Hàng Chính Hãng',10000000.00,'https://salt.tikicdn.com/cache/175x175/media/catalog/product/l/o/loa-jbl-charge-3_6_xam%20(1).u425.d20160531.t123434.jpg',8,1,'100',_binary ''),(16,'2019-11-22 11:04:09','2019-11-22 11:04:09',' ','Tai Nghe Bluetooth Thể Thao Jabra Elite 65t sở hữu thiết kế nhỏ gọn nhưng không kém phần sang trọng với hai màu bạc và đen kết hợp với lối thiết kế cách điệu tạo cho chiếc tai nghe một vẻ hiện đại, năng động như chính tên gọi của nó. Trên housing của chiếc tai nghe có các lỗ giúp thoát khí và tăng khả năng đàm thoại cho tai nghe. Với thiết kế không dây hoàn toàn, tai nghe sẽ giúp bạn thuận tiện hơn khi luyện tập mà vẫn có thể nghe nhạc hay đàm thoại một cách thoải mái.Chiếc hộp đựng tai nghe vừa là dock sạc giúp bạn vừa bảo vệ vừa sạc tai nghe khi hết pin. Thiết kế hộp mềm mại rất dễ cầm nắm trong tay không có nhiều góc cạnh gây cấn cho người dùng. Phần nắp gài của hộp sẽ giúp bạn bảo quản tai nghe một cách tối ưu, tránh tình trạng thất lạc.Chiếc tai nghe Jabra Elite 65t có khả năng trình diễn âm thanh thiên về âm bass và âm treb nhiều hơn. Với dải tần số hoạt động 100 Hz - 10 kHz cùng độ nhạy 103dB, âm bass sâu và chắc kết hợp với treb chi tiết cho bạn thưởng thức những bản nhạc mạnh mẽ, tạo thêm sức mạnh cho người nghe, thúc đẩy hiệu năng khi hoạt động.','https://salt.tikicdn.com/cache/200x200/ts/product/04/5b/c7/c9dbbae07496a89855b803f787cbd119.jpg','Tai Nghe Bluetooth Thể Thao Jabra Elite 65t - Hàng Chính Hãng',10000000.00,'https://salt.tikicdn.com/cache/75x75/ts/product/04/5b/c7/c9dbbae07496a89855b803f787cbd119.jpg',8,2,'100',_binary ''),(17,'2019-11-22 11:04:09','2019-11-22 11:04:09',' ','Dây Cáp Dù Sạc Điện Thoại 3 Đầu Lightning/Micro USB/Type C Orico UTS-12-BK có thiết kế vô cùng đặc biệt với 3 đầu sạc khác nhau tích hợp trong cùng một sản phẩm cáp sạc. 3 đầu bao gồm lightning, micro USB, Type-C, do đó người dùng có thể thoải mái sạc cùng lúc 3 thiết bị với 3 loại chuôi cắm khác nhau thay vì phải chuẩn bị tới 3 sợi dây cáp riêng lẻ cho 3 loại thiết bị của mình.Lõi cáp được sử dụng chất liệu đồng cao cấp chịu được cường độ dòng điện tối đa lên đến 3.0A. Do đó đảm bảo tốc độ sạc nhanh chóng, tiết kiệm thời gian. Bên cạnh đó, dây cáp được trang bị đầy đủ các tính năng sạc an toàn bảo vệ tốt cho thiết bị của bạn.Bên cạnh đó, dây cáp được gia công vô cùng kỹ lưỡng với các đầu cắm được làm từ hợp kim nhôm sáng và bền bỉ, đánh bóng tỉ mỉ. Đặc biệt, kết hợp nhôm sáng ở đầu cắm với lớp dù bọc ở phần dây cáp đã giúp tăng tính bền của sản phẩm, kéo dài thời gian sử dụng. Dây có bọc lớp vải dù phủ ngoài, bên trong là lớp nylong được bện cẩn thận nhằm tạo độ bền và bảo vệ cho lõi cáp. ','https://salt.tikicdn.com/cache/200x200/ts/product/b6/42/82/c33991d58757de0bd95308c7680ee8b1.jpg','Dây Cáp Dù Sạc Điện Thoại 3 Đầu Lightning/Micro USB/Type C Orico UTS-12-BK (Đen) - Hàng Chính Hãng',10000000.00,'https://salt.tikicdn.com/cache/75x75/ts/product/10/97/82/b9709820d6708da89483d77bd2822671.jpg',9,3,'100',_binary ''),(18,'2019-11-22 11:04:09','2019-11-22 11:04:09',' ','Pin Sạc Dự Phòng Anker PowerCore II A1273H11 (20.000mAh) - Đen - Hàng Chính Hãng có thiết kế nhỏ gọn dễ dàng cho vừa vào túi quần hoặc ngăn chứa Balo để có thể mang theo người mọi nơi mọi lúc, giúp bạn yên tâm không lo Smartphone, Tablet bị hết pin khi đang ở bên ngoài.Pin dự phòng Anker PowerCore II có cổng đầu vào (Input) tối đa lên đến 4A, bạn chỉ mất hơn 6 giờ - nhanh gấp đôi so với pin dự phòng tiêu chuẩn thông thường để sạc đầy cho thiết bị. Bạn chỉ cần tốn thời gian sạc lại trong một đêm nhưng đủ năng lượng cho cả tuần làm việcSản phẩm có 3 cổng ra Output với công suất sạc lên đến 30W đảm bảo cho việc sạc cùng lúc nhiều thiết bị di động mà vẫn duy trì điện áp ổn định và hiệu quả Sản phẩm được trang bị công nghệ sạc nhanh tiên tiến độc quyền của Anker: PowerIQ và VoltageBoost đảm bảo cho tốc độ sạc nhanh nhất. Pin sạc tương thích tốt với iPhone, iPad và hầu hết smartphone Android hiện nay trên thị trường Viên pin được trang bị lớp bảo vệ thông minh MultiProtect giúp kiểm soát hiệu quả nhiệt độ, ổn định điện áp đầu ra, ngăn ngừa tình trạng quá dòng, quá tải, rò rỉ điện giúp bảo vệ an toàn cho sản phẩm lẫn thiết bị di động được sạc.','https://salt.tikicdn.com/cache/200x200/media/catalog/product/1/_/1.u4064.d20170701.t072018.697940.jpg',' Pin Sạc Dự Phòng Anker PowerCore Elite 20000mAh - A1273H11 (Đen) - Hàng Chính Hãng',10000000.00,'https://salt.tikicdn.com/cache/75x75/media/catalog/product/1/_/1.u4064.d20170701.t072018.697940.jpg',9,4,'100',_binary ''),(19,'2019-11-22 11:04:09','2019-11-22 11:04:09',' ','CPU	AMD Ryzen 5 2500U Mobile Processor(2.00Ghz upto 3.60GHz, 4Cores, 8Threads, 4MB Cache) Memory	8GB DDr4 Bus 2400Mhz (2 Slot, Max 32GB Ram) HDD	1TB (1000GB) 5400rpm Hard Drive Sata (Support SSD M.2) VGA	NVIDIA GeForce GTX1050 with 4GB GDDR5 / AMD Radeon Vega 8 Graphics Display	15.6 inch Full HD (1920 x 1080) 60Hz Anti Glare IPS Level Panel 45% NTSC Driver	None Other	Webcam, Wireless, Card Reader, USB 3.0, USB 3.1 Type C, HDMI, Finger Print, Backlit Keyboard Wireless	802.11ac + Bluetooth 4.2, 2.4 GHz Battery	3 Cells 48 Whrs Battery Weight	2.00 Kg SoftWare	Windows 10 Home SL 64bit','https://salt.tikicdn.com/cache/200x200/ts/product/d4/db/de/93f48f8bd78621903011961ac870d325.jpg','Asus F570ZD FY415T AMD R5-2500U/ VGA GTX1050/ Win10 (15.6 FHD) - Hàng Chính Hãng',10000000.00,'https://salt.tikicdn.com/cache/75x75/ts/product/d4/db/de/93f48f8bd78621903011961ac870d325.jpg',10,5,'100',_binary ''),(20,'2019-11-22 11:04:09','2019-11-22 11:04:09',' ','Laptop Asus ASUSPRO B9440UA-GV0495T mang đến cho người dùng một chiếc laptop mạnh mẽ và bền vững nhờ được bao bọc bởi bộ khung chắc chắn. Lớp vỏ ngoài làm từ chất liệu cao cấp vừa mang lại một độ bền vượt trội để đủ sức bảo vệ phần màn hình và các linh kiện bên trong nhưng vẫn đảm bảo tối ưu sự linh hoạt và tiện dụng cho người dùng mỗi khi mang theo máy bên mình. Ngoài ra, bản lề của máy được thiết kế đặc biệt giúp máy có thể gập 180 độ như quyển tập. Laptop có màn hình 14 inch Full HD (1920 x 1080) tối đa hóa trải nghiệm xem của bạn, với độ phủ màu 94% NTSC đảm bảo xuất ra hình ảnh với chất lượng sắc nét và chân thật nhất. Tấm nền IPS giúp bạn có thể trải nghiệm góc nhìn rộng 178° đem lại hình ảnh sắc nét, sống động và độ tương phản cao ngay cả ở những góc nhìn hẹp. Máy được trang bị bộ vi xử lý Intel Core i5-8250U với xung nhịp có thể lên đến 3.4GHz, cho bạn những giây phút lướt web nhanh hơn, mạnh mẽ hơn. Bên cạnh đó, với bộ nhớ trong Ram 8GB LPDDR3-2133Mhz đảm bảo xử lí các tác vụ đa nhiệm thật mượt mà và ổn định. Ngoài ra, máy còn trang bị thêm bộ nhớ 256GB SSD M.2 Sata, cho bạn lưu trữ cũng như vận hành máy một cách nhanh chóng, mượt mà hơn. Đặc biệt, Asus ASUSPRO B9440UA-GV0495T sử dụng card đồ họa Intel UHD Graphics 620 máy còn có thể đáp ứng tốt các như cầu giải trí và làm việc khác như game online, nhiều game 3D, các công cụ đồ họa Photoshop, Lightroom…Âm thanh Harman Kardon bao gồm công nghệ khuếch đại thông minh cho âm thanh lớn hơn mà không bị méo tiếng và phần mềm được thiết kế thông minh đảm bảo rằng Asus ASUSPRO B9440UA-GV0495T sẽ cho bạn một trải nghiệm âm thanh đỉnh cao.','https://salt.tikicdn.com/cache/200x200/ts/product/4d/b1/db/3e4ed7f0a02d017d7086bbce1d640820.jpg','Laptop Asus ASUSPRO B9440UA-GV0495T Core i5-8250U/ Win10 (14\" FHD IPS) - Hàng Chính Hãng',10000000.00,'https://salt.tikicdn.com/cache/75x75/ts/product/4d/b1/db/3e4ed7f0a02d017d7086bbce1d640820.jpg',10,6,'100',_binary ''),(21,'2019-11-22 11:04:09','2019-11-22 11:04:09',' ','Máy đồng bộ Dell Optiplex , thế hệ mới Nhà sản xuất : DELL Màn hình DELL : E2216hv 22inch FULL HD hàng chính hãng Model : Dell Optiplex SFF Chipset bo mạch chủ : Intel Q77 Express Chipset Bộ vi xử lý : Intel Core i5 3470 Processor (6M Cache, up to 3.60 GHz) Dung lượng Ổ cứng : SSD 120GB Dung lượng RAM DDR3 : 8GB bus 1333/1600Mhz Ổ quang ( Optical drive ) : DVDRom SATA VGA : Graphics on Card VGA 1G onboard Integrated Intel HD Graphics Media Accelerator Card mạng : 10/100/1000Mbps Card âm thanh : Onboard 2.1 Hight Definition Nguồn : auto 100v-240v 265w Tính năng cổng giao tiếp : USB 4 cổng 3.0, 6 Cổng USB 2.0. PS2 có 2 cổng Free cài sẵn hệ điều hành windows 7 64bit hoặc Windows 10 64bit','https://salt.tikicdn.com/cache/200x200/ts/product/6a/34/84/d268b3c4f52c6751e4c9bd076a930831.jpg','Bộ máy tính để bàn DELL Optiplex (Chip core i7 2600, Ram 8gb, SSD 120GB+ HDD 500gb )',10000000.00,'https://salt.tikicdn.com/cache/75x75/ts/product/03/75/af/00c042770e43dd7760a2350736cbf023.jpg',11,7,'100',_binary ''),(22,'2019-11-22 11:04:09','2019-11-22 11:04:09',' ','Máy đồng bộ Dell Optiplex , thế hệ mới Nhà sản xuất : DELL Màn hình DELL : E2216hv 22inch FULL HD hàng chính hãng Model : Dell Optiplex SFF Chipset bo mạch chủ : Intel Q77 Express Chipset Bộ vi xử lý : Intel Core i5 3470 Processor (6M Cache, up to 3.60 GHz) Dung lượng Ổ cứng : SSD 120GB Dung lượng RAM DDR3 : 8GB bus 1333/1600Mhz Ổ quang ( Optical drive ) : DVDRom SATA VGA : Graphics on Card VGA 1G onboard Integrated Intel HD Graphics Media Accelerator Card mạng : 10/100/1000Mbps Card âm thanh : Onboard 2.1 Hight Definition Nguồn : auto 100v-240v 265w Tính năng cổng giao tiếp : USB 4 cổng 3.0, 6 Cổng USB 2.0. PS2 có 2 cổng Free cài sẵn hệ điều hành windows 7 64bit hoặc Windows 10 64bit','https://salt.tikicdn.com/cache/200x200/ts/product/03/75/af/00c042770e43dd7760a2350736cbf023.jpg','Bộ máy tính để bàn Dell Optiplex Core i5 3470, Ram 8gb, SSD 120GB',10000000.00,'https://salt.tikicdn.com/cache/75x75/ts/product/03/75/af/00c042770e43dd7760a2350736cbf023.jpg',11,8,'100',_binary ''),(23,'2019-11-22 11:04:09','2019-11-22 11:04:09',' ','Máy Ảnh Canon EOS 750D thuộc dòng máy ảnh chuyên nghiệp và được thiết kế gọn nhẹ, bạn có thể dễ dàng mang theo trong quá trình di chuyển, đi xa và thoải mái chụp ảnh, quay phim trong thời gian dài, máy hạn chế tình trạng mỏi tay. Sản phẩm có vỏ ngoài thiết kế cứng cáp, bền bỉ và báng cầm tay có độ bám, giúp han chế trơn trượt và hỗ trợ cầm nắm chắc chắn khi chụp. Canon 750D dòng máy ảnh DSLR sở hữu cảm biến 24.2 MP kích thước giúp mang lại những hình ảnh đẹp có kích thước lớn. Kết hợp độ phân giải lớn cùng bộ xử lý hình ảnh DIGIC 6 giúp  nâng cao tốc độ xử lý và chất lượng hình ảnh cao. Ngoài ra, bạn cũng có thể quay các đoạn video Full HD chuyên nghiệp hơn. Canon EOS 750D là máy ảnh sở hữu hệ thống lấy nét 19 điểm cross-type tất cả hệ thống AF  kết hợp cùng tốc độ chụp 5 fps giúp bạn không bỏ lỡ bất cứ khoảnh khắc quan trọng nào. Bạn sẽ dàng tập trung vào các đối tượng trong chế độ lựa chọn khu vực để có thể có những shot ảnh như ý. Hệ thống lấy nét Hybrid CMOS AF III được trang bị chức năng tự lấy nét nhanh khi bật Live View.  Kết hợp hệ thống Hybrid CMOS AF III  cùng với màn hình LCD cảm ứng giúp bạn có thể có những thước phim chất lượng cao. ','https://salt.tikicdn.com/cache/200x200/ts/product/00/47/df/b02b462394bc3c59e5876ec0d9cb6ae8.jpg','Máy Ảnh Canon 750D + Lens 18-55 IS STM (Lê Bảo Minh) - Hàng Chính hãng',10000000.00,'https://salt.tikicdn.com/cache/75x75/ts/product/00/47/df/b02b462394bc3c59e5876ec0d9cb6ae8.jpg',12,9,'100',_binary ''),(24,'2019-11-22 11:04:09','2019-11-22 11:04:09',' ','Máy Ảnh Nikon D5600 KIT AF-P 18-55 VR với ngoại hình khá gọn nhẹ, tiện dụng cho người dùng mới làm quen với dòng máy ảnh DSLR. Máy trang bị màn hình LCD 3.2 inch 1 triệu điểm ảnh có khả năng xoay lật đa hướng cho góc quan sát toàn cảnh. Màn hình cảm ứng cho khả năng thiết lập các thông số một cách dể dàng. Bên cạnh đó, máy còn được trang bị một viewfinder quang học có độ bao phủ 95% với độ phóng đại 0.82x Nikon D5600 sở hữu điểm ảnh hiệu quả với 24.2 triệu pixel và được trang bị cảm biến APS-C CMOS định dạng DX Nikon mà không cần đến bộ lọc qua chậm quang học. Ngoài ra, bộ xử lý hình ảnh EXPEED 4 cho phép người dùng chụp được những bức ảnh tận dụng tối đa các đặc điểm truyền tải ưu việt của ống kính Nikkor .Trong điều kiện ánh sáng mờ, độ nhạy sáng ISO tiêu chuẩn rộng từ 100 đến 25600 của máy ảnh D5600 cho phép bạn chụp được những hình ảnh sắc nét và sinh động, đồng thời hạn chế nhiễu hiệu quả.Máy ảnh Nikon D5600 có khả năng ghi lại những cảm xúc diễn ra nhanh chóng nhờ khả năng chụp ảnh liên tục tốc độ cao khoảng 5 khung hình trên một giây, tốc độ màn trập tối đa 1/4000 giây. Hệ thống lấy nét tự động (AF) 39 điểm bao quát phần lớn khung hình có thể giúp diễn tả đối tượng với độ chính xác vượt trội. ','https://salt.tikicdn.com/cache/200x200/media/catalog/product/1/_/1.u2769.d20170622.t164957.150266.jpg','Máy ảnh Nikon D5600 KIT AF-P 18-55 VR - Hàng Chính Hãng',10000000.00,'https://salt.tikicdn.com/cache/75x75/media/catalog/product/1/_/1.u2769.d20170622.t164957.150266.jpg',12,10,'100',_binary ''),(25,'2019-11-22 11:04:09','2019-11-22 11:04:09',' ','Lens Sony Vario-Tessar T* SEL 16-70mm F/4 ZA OSS với thiết kế có độ dài 75 mm và trọng lượng khoảng 308 g gọn nhẹ giúp việc mang sản phẩm theo trong quá trình di chuyển trở nên dễ dàng Sony trang bị ống kính quang học ZEISS đẳng cấp với lớp mạ T* cho ống zoom tầm trung nhỏ gọn Lens Sony Vario-Tessar T* SEL 16-70mm F/4 ZA OSS để bạn thuận tiện hơn khi chụp nhiều đối tượng chủ thể. Phạm vi zoom 16 mm đến 70 mm sẽ lấy được hầu hết các bối cảnh chụp, biến ống kính này thành lựa chọn hoàn hảo khi chụp cảnh thường ngày hoặc quay phim. Ống kính có lớp mạ ZEISS T* giúp góp phần lớn làm giảm các phản xạ giả có thể làm giảm chất lượng hình ảnh tổng thể. Giảm chói và bóng mờ, giúp tăng cường màu sắc và độ tương phản giúp tạo chiều sâu và cảm nhận ba chiều của hình ảnh.ản phẩm được tích hợp khả năng chống rung quang học SteadyShot giúp mang lại những hình ảnh sắc nét, rõ ràng dù ảnh chụp trong nhà hoặc nơi ánh sáng yếu và hỗ trợ khắc phục hiện tượng rung máy có thể làm nhòe hình khi quay cầm tay  ','https://salt.tikicdn.com/cache/200x200/media/catalog/product/s/e/sel%2016.70_1.u504.d20160916.t160438.43252.jpg','Lens Sony Vario-Tessar T* SEL 16-70mm F/4 ZA OSS - Hàng Chính Hãng',10000000.00,'https://salt.tikicdn.com/cache/75x75/media/catalog/product/s/e/sel 16.70_1.u504.d20160916.t160438.43252.jpg',13,11,'100',_binary ''),(26,'2019-11-22 11:04:09','2019-11-22 11:04:09',' ','Ống Kính Sony FE 50mm F1.8 là loại ống kính full-frame nhưng model này thực sự nhỏ gọn và có trọng lượng chỉ 186 gram. Dù gắn trên máy ảnh hay cất gọn trong túi, ống kính này luôn sẵn sàng bất cứ khi nào bạn cần. Kích thước và trọng lượng của ống kính này là sự kết hợp hoàn hảo với dòng thân máy α7 nhỏ gọn, đem lại một tổng thể nổi bật mà bạn có thể dễ dàng mang theo và thao tác. Cấu hình quang học double-gaus được cập nhật với một phần tử thấu kính phi cầu giúp giảm thiểu quang sai cầu và hiện tượng coma cho chất lượng hình ảnh cao và độ sắc nét trong mỗi khung hình. Thiết kế double-gauss cũng giúp giảm thiểu biến dạng ảnh. Khẩu độ lớn 50mm là một yếu tố cần thiết cho người sử dụng máy ảnh full-frame chuyên nghiệp và đây cũng là một lựa chọn tuyệt vời và kinh tế. Các thiết kế quang học hiện đại cho hình ảnh chất lượng cao, đồng thời khẩu độ cực đại F1.8 có thể tạo nên hiệu ứng bokeh tuyệt đẹp, giúp đối tượng thêm phần nổi bật. Một kỹ thuật cần thiết nữa để tạo ra những bức ảnh có chiều sâu đó là đặt chủ thể hoàn toàn trong tầm lấy nét trước một phông nền được làm mờ mịn đẹp. Định dạng APS-C trên máy E-mount cho chất lượng hình ảnh cao với tiêu cự tương đương khoảng 75mm. Khẩu độ tối đa F1.8 để chụp ảnh trong điều kiện thiếu sáng. Khẩu độ tròn 7 lá đem lại các hiệu ứng làm mờ đẹp mắt Tiêu cự 75mm (tương đương 35mm) với cảm biến APS-C.Hệ thống truyền động mô-tơ DC mới được thiết kế và triển khai cẩn thận nhằm đạt được tốc độ và độ chính xác khi lấy nét tối ưu cũng như độ êm khi vận hành. Hệ thống này cũng đem lại sự êm ái khi điều khiển lấy nét tự động và lấy nét bằng tay. Lưu ý: Âm thanh mô-tơ hoạt động khi thao tác lấy nét có thể được ghi lại khi quay phim.','https://salt.tikicdn.com/cache/200x200/media/catalog/product/1/_/1.u2566.d20170418.t120802.488399.jpg','Ống Kính Sony FE 50mm F1.8 - Hàng Chính Hãng',10000000.00,'https://salt.tikicdn.com/cache/75x75/media/catalog/product/1/_/1.u2566.d20170418.t120802.488399.jpg',13,12,'100',_binary ''),(27,'2019-11-22 11:04:09','2019-11-22 11:04:09',' ','Thẻ nhớ SanDisk Extreme PRO SDXC UHS-I Speed Class 3 Thẻ nhớ SanDisk Extreme PRO SDXC UHS-I Speed Class 3 là dòng thẻ nhớ phân khúc tốc độ thuộc hàng nhanh nhất của Sandisk, cung cấp tốc độ cực khủng để đáp ứng yêu cầu của chất lượng video 4K UHD trên máy ảnh DSLR, máy ảnh kỹ thuật số hoặc máy quay video HD. Với tốc độ truyền dữ liệu lên đến 170MB/s giúp di chuyển dữ liệu của bạn nhanh chóng, tốc độ ghi lên đến 90MB/s xử lý các chế độ chụp nhanh, chụp liên tiếp và chụp RAW với JPEG cực kỳ dễ dàng. Tất cả các sản phẩm SanDisk được sản xuất với tiêu chuẩn cao nhất và đã được thử nghiệm chặt chẽ, vì vậy bạn có thể tự tin vào chất lượng vượt trội, hiệu suất và độ tin cậy của mỗi sản phẩm SanDisk.Được thiết kế dành cho các chuyên gia nhiếp ảnh Các máy quay phim chuyên nghiệp và máy quay độ phân giải cao luôn đòi hỏi sức mạnh, hiệu năng, công suất và độ tin cậy của thẻ nhớ lưu trữ. Đó là lý do tại sao các nhiếp ảnh gia và nhà quay phim chuyên nghiệp tin tưởng vào thẻ nhớ của SanDisk. Tốc độ lên đến 175MB/s đọc và 90MB/s ghi Thẻ nhớ SanDisk Extreme PRO SDXC UHS-I Speed Class 3 cung cấp tốc độ truyền cực nhanh với tốc độ lên tới 170MB/s đọc, tốc độ ghi lên đến 90MB/s đáp ứng mọi nhu cầu chụp ảnh chất lượng cao cũng như quay phim 4K, đồng thời giúp bạn di chuyển dữ liệu cực nhanh, tiết kiệm thời gian cho bạn.Hỗ trợ 4K UHD Với mức tốc độ Video 30 (V30) và UHS Speed 3 (U3), thẻ nhớ SanDisk Extreme PRO SDXC UHS-I Speed Class 3 cho phép bạn quay phim 4K UHD và video Full HD mà không hề bị mất bất kì khung hình nào. Cực kỳ lý tưởng cho các chuyên gia nhiếp ảnh chuyên nghiệp.	','https://salt.tikicdn.com/cache/200x200/ts/product/ab/c1/69/00a248a6b7849f83ea1d9cb630ac89d5.jpg','Thẻ Nhớ SDXC Sandisk Extreme Pro 170MB/s V30 64GB - Hàng Nhập Khẩu',10000000.00,'https://salt.tikicdn.com/cache/75x75/ts/product/ab/c1/69/00a248a6b7849f83ea1d9cb630ac89d5.jpg',14,13,'100',_binary ''),(28,'2019-11-22 11:04:09','2019-11-22 11:04:09',' ','Hãng Zhiyun vừa qua đã cho ra mắt sản phẩm mới mang tên Zhiyun Smooth 4 sẽ giúp bạn biến điện thoại di động thành một máy quay phim chuyên nghiệp. Bạn sẽ dễ dàng tạo ra cảnh quay ổn định và mượt mà chỉ bằng điện thoại của bạn. Bảng điều khiển tích hợp vào thân gimbal giúp hạn chế phải chạm vào màn hình và giúp người dùng điều khiển cả máy ổn định và camera di động trực tiếp với các phím nóng.Gimbal Zhiyun Smooth 4 là phiên bản nâng cấp tiếp theo của Zhiyun Smooth 3 và Smooth Q, với thiết kế đơn giản và gọn nhẹ, các nút điều khiển được thiết kế một cách khoa học giúp bạn dẽ dàng điều chỉnh khi sử dụng. Thời gian sử dụng gimbal lên tới 10 giờ sau khi sạc đầy. Đặc biệt, tính năng sạc pin 2 chiều giúp bạn quay phim cả ngày mà không lo hết pin. Gimbal Zhiyun Smooth 4 mang trong mình thiết kế khỏe khoắn , năng động. có Logo Zhiyun được dập nổi rất sắc nét trên trục motor liền với tay cầm. 1 sự thay đổi rất dễ nhận ra đó là Zhiyun Smooth 4 đã được bổ sung thêm 1 con xoay bên trái tay cầm với chức năng điều chỉnh tiêu cự của điện thoại mà không cần thao tác trên màn hình điện thoại. Thêm vào đó là dải đèn led dưới thân tay cầm trông khá hiện đại để báo thời lượng pin còn lại. Có thể nói đây là 1 cải tiến rất hữu ích cho người dùng. Thay vì phải kết nối bluetooth với điện thoại để check dung lượng pin còn lại thì nay chỉ cần nhìn dải đèn LED này là ta có thể biết thời lượng pin của máy để sử dụng sao cho hợp lý.Phía trước máy có các nút : nguồn, gạt chuyển đổi giữa chế độ Follow và Lock, nút quay phim, chụp ảnh, Menu , DISP, focus, tắt bật Flash và bàn xoay chỉnh sáng tối. Có thể nói Gimbal Zhiyun Smooth 4 đã làm cho việc quay phim trên điện thoại trở nên chuyên nghiệp hơn bao giờ hết.  Đằng sau có trigger khá giống so với OSMO MOBILE 2.Zhiyun Smooth 4 vẫn sở hữu những tính năng cơ bản từ Smooth Q hay Smooth 3. Nhưng bổ sung thêm các phím chức năng mới như chỉnh focus, chỉnh sáng, bật tắt Flash,  phím trigger  ngay trên tay cầm. Ngoài ra hiệu năng động cơ cũng được cải thiện để giúp máy ổn định hơn, nâng được trọng tải cao hơn lên đến 500 gram. ','https://salt.tikicdn.com/cache/200x200/ts/product/20/55/83/2102f00d33d9e500311897ad9ec74b08.jpg','Tay cầm chống rung cho điện thoại Gimbal Zhiyun Smooth 4 - Chính hãng',10000000.00,'https://salt.tikicdn.com/cache/75x75/ts/product/20/55/83/2102f00d33d9e500311897ad9ec74b08.jpg',14,14,'100',_binary ''),(29,'2019-11-22 11:06:59','2019-11-22 11:06:59','','Nâng tầm nhiếp ảnh di động với bộ 3 camera hoàn hảo trên Vsmart Live. Camera chính có độ phân giải lên tới 48MP, khẩu độ cực lớn f/1.7, cho khả năng chụp siêu sắc nét và chụp đêm đẳng cấp. Hai camera còn lại có khả năng hỗ trợ chụp ảnh xóa phông và chụp góc siêu rộng 120 độ, mang tới những bức ảnh chuyên nghiệp, độc đáo của riêng bạn. Tận hưởng những nội dung yêu thích qua màn hình 6,2 inch Super AMOLED cao cấp, độ phân giải Full HD+ sắc nét. Ngoài ra, Vsmart Live còn tích hợp cảm biến vân tay ngay dưới màn hình, một phương thức bảo mật tiện lợi của tương lai. Chỉ cần một cú chạm vào màn hình, điện thoại sẽ mở khóa ngay lập tức.Với phong cách mới mẽ, sự kết hợp màu sắc cũng là điểm đáng chú ý ở dòng smartphone này. Vẫn là các tông màu phổ biến, thay vì đen và xanh là biểu tượng cho sự mới mẻ, cá tính thì màu trắng mang lại sự tinh khiết, nhẹ nhàng. Các tông màu phù hợp cho mọi lứa tuổi.Được trang bị bộ vi xử lý Snapdragon 675 mạnh mẽ, đi cùng GPU đồ họa Adreno 612 chuyên xử lý 3D, Vsmart Live không chỉ hoạt động cực nhanh ở những tác vụ thường nhật mà còn là một “cỗ máy chiến game” đích thực. Mọi thao tác, yêu cầu của bạn đều được xử lý ngay lập tức, không cần phải chờ đợi.Vsmart Live mang trên mình viên pin dung lượng 4000 mAh, thoải mái để bạn sử dụng trong suốt cả ngày. Tuyệt vời hơn khi máy còn hỗ trợ công nghệ sạc nhanh Quick Charge 3.0, nhanh chóng sạc được thời lượng pin đủ dùng trong cả buổi chỉ sau khoảng 20 phút. Vsmart Live luôn sẵn sàng cho cuộc sống năng động của bạn. ','https://salt.tikicdn.com/cache/200x200/ts/product/61/bd/7b/e2117706b7b4f42e4680fd3275c518f1.jpg','Điện thoại Vsmart Live (64GB/6GB) - Hàng chính hãng',3470000.00,'https://salt.tikicdn.com/cache/75x75/ts/product/61/bd/7b/e2117706b7b4f42e4680fd3275c518f1.jpg',1,15,'100',_binary ''),(30,'2019-11-22 11:06:59','2019-11-22 11:06:59',' ','Điện thoại Pocophone F1 là sản phẩm đầu tiên của hãng Xiaomi dưới thương hiệu Pocophone, đây là một thương hiệu mới được Xiaomi kỳ vòng sẽ làm nên những kỉ lục ấn tượng hơn nữa so với các dòng Red Mi và MI, là dòng sản phẩm hướng đến đối tượng người dùng đam mê công nghệ điện thoại với cấu hình khủng.Tuy là một sản phẩm được chú trọng về mặt hiệu năng nhưng Xiaomi vẫn chăm chút sản phẩm của mình về mặt thiết kế. Ở mặt trước khá giống với iPhone X với notch cắt vào bên trong màn hình. Nó cũng có camera kép phía sau được đặt theo chiều dọc nhưng được đặt ở vị trí trung tâm mặt lưng chứ không phải lệch về một bên. Cảm biến vân tay nhờ vậy được đặt ngay bên dưới hệ thống camera, trông rất đồng bộ và làm cho mặt sau Pocophone F1 trở nên khác biệt so với các điện thoại Xiaomi khác. Tổng thể Pocophone F1 vẫn sở hữu một nét đẹp thanh mãnh nhưng mạnh mẽ và không kém phần sang trọng. Với tỷ lệ khung hình là 18.7:9, độ phân giải Full HD+ cùng kích thước màn hình 6.18 inch mang đến cho người dùng Pocophone F1 những khác biệt độc đáo về hình ảnh với độ chân thực cao, độ bão hòa, màu sắc, cùng góc nhìn đều được nâng tầm trải nghiệm. Được trang bị con chip Qualcomm SDM845 Snapdragon 845 Octa-core (4x2.8 GHz Kryo 385 Gold & 4x1.8 GHz Kryo 385 Silver) được xem là một trong những chip mạnh nhất thị trường hiện nay, Pocophone F1 mang lại khả năng xử lý đa nhiệm mượt mà, chiến game mạnh mẽ trên giao diện MIUI 9.0 Oreo Android 8.1.','https://salt.tikicdn.com/cache/200x200/ts/product/47/40/70/48a601dde91cf13873471009364690a8.jpg','Điện Thoại Pocophone F1 (64GB/6GB) - Hàng Chính Hãng',7600000.00,'https://salt.tikicdn.com/cache/75x75/ts/product/47/40/70/48a601dde91cf13873471009364690a8.jpg',1,16,'100',_binary ''),(31,'2019-11-22 11:06:59','2019-11-22 11:06:59','','Smart Tivi Samsung 55 inch 4K UHD UA55NU7090KXXV có thiết kế viền mỏng với kiểu dáng cứng cáp, thể hiện sự hiện đại và tinh tế. Cùng với đó là phần chân đế được tạo kiểu hài hòa, chắc chắn, cho phép tivi có thể đứng vững vàng ở nhiều dạng mặt phẳng khác nhau. Màn hình có kích cỡ 55 inch, bạn có thể đặt tivi tại các không gian rộng rãi như phòng khách, phòng họp trong công ty,… Samsung UA55NU7090KXXV có màn hình được trang bị độ phân giải Ultra HD 4K cho độ nét hình ảnh cao gấp 4 lần độ phân giải Full HD thông thường, chân thực đến từng chi tiết nhỏ nhất, không còn bị hiện tượng nhoè, răng cưa… đem đến cho người dùng những trải nghiệm hình ảnh với chất lượng tuyệt hảo. Với công nghệ HDR nâng cao độ tương phản, giúp tăng khả năng hiển thị của màu sắc, tăng cường chiều sâu cho hình ảnh, hiển thị màu trắng sáng nhất và màu đen tốt nhất, mang đến những trải nghiệm tuyệt vời. Bên cạnh đó, dải màu rộng cho hình ảnh được tăng cấp độ màu sắc, đem đến những khung hình chân thật như đời thực. Đây là công nghệ tiên tiến của Samsung giúp nâng cao chất lượng hình ảnh, mang đến cho người xem trải nghiệm hình ảnh chân thật về màu sắc cũng như chiều sâu điểm ảnh. Bên cạnh đó, Công nghệ UHD Dimming chia hình ảnh thành từng khối nhỏ để tối ưu hóa màu sắc, độ nét và tăng cường độ tương phản cho hình ảnh chân thực đến từng chi tiết. Chiếc tivi được tích hợp hệ điều hành Tizen cùng khả năng kết nối internet, đáp ứng được các nhu cầu giải trí cho gia đình bạn từ kho ứng dụng phong phú Google Play với các ứng dụng như Youtube, Netflix, Fim+, FPT P One Depth thu gọn các nội dung khác nhau trên cùng một màn hình, cho phép bạn truy cập tất cả các thiết bị và nội dung giải trí đơn giản, nhanh chóng. ','https://salt.tikicdn.com/cache/200x200/ts/product/a5/bd/5c/a8cf273bb33c67d409881164119782fa.jpg','Smart Tivi Samsung 55 inch 4K UHD UA55NU7090KXXV - Hàng Chính Hãng',10999000.00,'https://salt.tikicdn.com/cache/75x75/ts/product/a5/bd/5c/a8cf273bb33c67d409881164119782fa.jpg',5,17,'100',_binary ''),(32,'2019-11-22 11:06:59','2019-11-22 11:06:59','','Smart Tivi LG 55 inch 4K UHD 55UM7300PTA - Hàng Chính Hãng với kiểu dáng hiện đại đi kèm tông màu đen trung tính góp phần tôn lên vẻ sang trọng cho mọi không gian sống. Chân đế tivi được thiết kế tối giản nhưng không kém phần vững chắc giúp tivi trụ vững trên nhiều dạng mặt phẳng khác nhau. Tivi kích thước màn hình 55 inch phù hợp đặt ở không gian rộng như: phòng khách, phòng họp, Với LG ThinQ AI, bạn có thể thực hiện rất nhiều điều chỉ với giọng nói của mình. Tiếp tục hội thoại với khả năng nhận dạng giọng nói và có được các đề xuất cho nội dung tùy chỉnh dựa trên thói quen xem TV của bạn Một tiêu chuẩn cao mới trải nghiệm hình ảnh 4K chân thực hơn với độ chi tiết tuyệt đẹp và màu sắc sống động trên màn hình IPS có độ phân giải cao gấp bốn lần so với Full HD..','https://salt.tikicdn.com/cache/200x200/ts/product/c2/73/18/22879b35f72c0eceaddbffa464c7aa54.jpg',' Smart Tivi LG 55 inch 4K UHD 55UM7300PTA - Hàng Chính Hãng',11300000.00,'https://salt.tikicdn.com/cache/75x75/ts/product/c2/73/18/22879b35f72c0eceaddbffa464c7aa54.jpg',5,18,'100',_binary ''),(33,'2019-11-22 11:06:59','2019-11-22 11:06:59','','Tủ Lạnh Inverter Samsung RT19M300BGS/SV (208L) có thiết kế tinh tế, sáng tạo, tạo cho không gian nhà bạn thêm hiện đại. Tủ lạnh có dung tích 208 lít, phù hợp với gia đình có từ 3-5 thành viên.Công nghệ All-around Cooling giúp duy trì nhiệt độ và độ ẩm luôn ổn định. Không khí lạnh lan tỏa đều khắp tủ, giúp thực phẩm tươi ngon trong thời gian lâu hơn.Tủ lạnh được trang bị hệ thống khay đựng làm bằng kính cường lực chắc chắn có thể chịu được khối lượng lên đến 150kg. Dễ dàng chứa nhiều loại trái cây yêu thích và bình chứa nặng mà không sợ ảnh hưởng đến độ bền của kệ.Hệ thống đèn LED mới được thiết kế nhỏ và tiết kiệm năng lượng hơn các đèn chiếu sáng thông thường. Nhờ đó, không chỉ không gian tủ lạnh được mở rộng, ánh sáng dịu mắt lan tỏa đến từng góc tủ, mà bạn còn giảm được lượng điện tiêu thụ.Vi khuẩn gây hại có thể tích tụ nhiều ở viền xung quanh cửa tủ lạnh. Nhờ miếng đệm làm từ các chất liệu và thiết kế kháng khuẩn ngăn chặn nấm mốc, vi khuẩn xâm nhập từ bên ngoài. Thực phẩm bên trong tủ lạnh sẽ luôn được bảo vệ an toàn và đảm bảo vệ sinh.','https://salt.tikicdn.com/cache/200x200/ts/product/ee/91/73/9b74354498138aecf37f12a415ed6f01.jpg',' \r\nTủ Lạnh Inverter Samsung RT19M300BGS/SV (208L) - Hàng Chính Hãng',4600000.00,'https://salt.tikicdn.com/cache/75x75/ts/product/ee/91/73/9b74354498138aecf37f12a415ed6f01.jpg',3,19,'100',_binary ''),(34,'2019-11-22 11:06:59','2019-11-22 11:06:59','','Tủ Lạnh Mini Electrolux EUM0900SA thuộc dòng tủ lạnh mini 1 cửa nhỏ gọn, phù hợp lắp đặt sử dụng trong không gian nhỏ, hay gia đình ít người (dưới 3 thành viên). Tủ có kiểu dáng đơn giản, phần cửa tủ được làm bằng thép không gỉ sáng bóng giúp bạn dễ dàng phát hiện ra vết bẩn là lau chùi thuận tiện. Thêm vào đó, tủ có dung tích sử dụng 90L, cho phép bạn thoải mái chứa nhiều loại thực phẩm khác nhau.Hệ thống khay ngăn làm bằng kính chịu lực bền bỉ, cho khả năng chịu lực tốt, không lo bị vỡ nứt trong quá trình bảo quản. Hơn nữa, tủ lạnh còn cho phép người dùng linh hoạt thay đổi khay kệ cho phù hợp với nhu cầu bảo quản của cá nhân.Tủ lạnh EUM0900SA sử dụng hệ thống làm lạnh trực tiếp khá phổ biến, giúp tủ có thể làm lạnh nhanh, đồng thời vận hành cực kỳ êm ái do không có tiếng ồn của quạt và giúp bạn tiết kiệm điện. Chiếc tủ lạnh mini này thực tế chỉ tiêu thụ xấp xỉ 0.55kW/ngày, do đó bạn hoàn toàn có thể yên tâm sử dụng, không quá lo lắng về hóa đơn tiền điện cuối tháng.Tủ lạnh Electrolux EUM0900SA trang bị núm vặn điều chỉnh nhiệt độ bên trong tủ, giúp bạn có thể thiết lập nhiệt độ làm mát thích hợp với khối lượng thực phẩm bảo quản một cách nhanh chóng. Nhờ đó, tối ưu hiệu quả làm lạnh để thực phẩm được bảo quản trong thời gian lâu hơn.','https://salt.tikicdn.com/cache/200x200/ts/product/80/89/aa/f3735094f91e6f0395fcc3c4e15f51ee.jpg',' Tủ Lạnh Mini Electrolux EUM0900SA (90L) - Hàng Chính Hãng',2500000.00,'https://salt.tikicdn.com/cache/75x75/ts/product/80/89/aa/f3735094f91e6f0395fcc3c4e15f51ee.jpg',3,20,'100',_binary ''),(35,'2019-11-22 11:06:59','2019-11-22 11:06:59','','iPad WiFi 32GB New 2018 vẫn giữ phong cách thiết kế quen thuộc như phiên bản tiền nhiệm 2017 với chất liệu nhôm nguyên khối cao cấp, các cạnh được bo cong mềm mại, tạo cảm giác cầm nắm thoải mái và chắc tay. Bên cạnh đó các chi tiết đều được gia công một cách tỉ mỉ và tinh tế, bạn sẽ phải \"Wow\" lên vì sức hút mãnh liệt từ vẻ đẹp bên ngoài của nó. Sản phẩm là một hướng đi mới của hãng trong việc cạnh tranh với gã khổng lồ Microsoft để tiến thân vào môi trường giáo dục vẫn còn đầy tiềm năng. Một mức giá vừa phải, hỗ trợ Apple Pencil (không kèm theo máy) cùng với hơn 200.000 ứng dụng dành cho học tập, cải tiến iWork, các ứng dụng như Pages, Numbers, và Keynote nhằm hỗ trợ tối đa cho mục đích học tập của học sinh sinh viên. iPad 2018 được trang bị màn hình Retina LCD, độ phân giải 2048 x 1536 pixels cho khả năng hiển thị hình ảnh ấn tượng, sắc nét và chi tiết với độ chân thực cao, tone màu rực rỡ. Bên cạnh đó kích thước màn hình lớn lên đến 9.7 inch, hỗ trợ tối đa trong việc học tập, giải trí hay bất kỳ nhiệm vụ văn phòng nào cũng đều thuận tiện. iPad 2018 sử dụng chip Apple A10 Fusion trên nền tảng iOS 11.3 với 4 nhân xử lý cho tốc độ lên đến 2.3GHz sẵn sàng đáp ứng mọi thao tác của bạn một cách mượt mà, trơn tru và mạnh mẽ. Sở hữu camera độ phân giải 8 MP, khẩu độ f/2.4 kích thước pixel 1.12 µm với các tính năng tự động lấy nét và chống rung điện tử mang lại cho bạn những bức ảnh chi tiết, màu sắc nổi bật và có chiều sâu. Hình ảnh vẫn ấn tượng ngay cả trong điều kiện thiếu sáng. Camera mặt trước 1.2MP cho chất lượng ảnh tốt, màu sắc hài hòa, giúp bạn thoải mái selfie mọi lúc, mọi nơi và hỗ trợ gọi Video Call hiệu quả.','https://salt.tikicdn.com/cache/200x200/ts/product/6e/18/9a/30269b567d78c39b8cc7671f8586628c.jpg','iPad WiFi 32GB New 2018 - Hàng Nhập Khẩu Chính Hãng',6999000.00,'https://salt.tikicdn.com/cache/75x75/ts/product/2c/58/0a/583de02752e70295f6cbffae3f0b3d0a.jpg',2,21,'100',_binary ''),(36,'2019-11-22 11:06:59','2019-11-22 11:06:59','','iPad Air 10.5 Wi-Fi 64GB New 2019 thiết kế từ chất liệu nhôm nguyên khối, các góc cong bo mềm mại cho cảm giác cầm nắm thoải mái, độ dày vỏn vẹn chỉ 6.1mm. Sản phẩm sở hữu thiết kế sang trọng với phần viền màn hình mỏng hơn so với các thế hệ trước kết hợp kích thước 10.5 inch, tỷ lệ khung hình 4:3 mang lại cho người dùng không gian trải nghiệm rộng rãi. Màn hình trên iPad Air New 2019 với công nghệ ProMotion cho tần số quét lên tới 120Hz, hỗ trợ nội dung HDR hiển thị hình ảnh mượt mà, sống động. Bên cạnh đó, màn hình của iPad Air còn hỗ trợ công nghệ True Tone và công nghệ hiển thị màu sắc thế hệ mới giúp cho iPad mới có được khả năng hiển thị hình ảnh sắc nét và màu sắc sống động hơn khá nhiều so với thế hệ iPad 2018. iPad Air 10.5 Wi-Fi 64GB New 2019 trang bị vi xử lý A12 Bionic như trên iPhone Xs và iPhone Xs Max thì đây là một trong những chiếc máy tính bảng mạnh nhất hiện tay. Ngoài ra, máy sở hữu dung lượng RAM 3GB và bộ nhớ trong 64GB giúp các ứng dụng đồ họa và các ứng dụng nặng chạy mượt mà hơn. Bên cạnh đó, máy còn chạy trên hệ điều hành gốc là iOS 12 với nhiều thay đổi so với iOS 11 trên iPad 2018 Máy trang bị bộ đôi camera mặt trước 7MP, camera sau 8MP cho trải nghiệm ấn tượng mọi lúc, mọi nơi. Với khẩu độ lớn f/2.4 và tính năng hỗ trợ chống rung quang học OIS, camera sau mang đến những bức ảnh ấn tượng và khả năng quay video HD không thua gì các smartphone cao cấp. Camera trước giúp bạn thực hiện các cuộc gọi video hay chụp ảnh selfie vui vẻ với bạn bè.Trong lần cho ra đời iPad Air 2019 lần này thì Apple cũng đã trang bị bút Apple Pencil. Sản phẩm được đánh giá độ chính xác, phản hồi cùng tính trôi chảy tự nhiên giúp bạn thoải mái vẽ, viết và làm nhiều thứ hơn nữa. Ngoài ra bút Apple Pencil còn giúp người dùng có thể ghi chép lại những ý tưởng thật dễ dàng. Ngay cả những tác vụ đánh dấu tài liệu hay thêm bản vẽ, ghi chú, chú thích ảnh chụp màn hình cũng rất tiện lợi.iPad Air 2019 có khả năng tương thích với nhiều thiết bị ngoại vi hơn so với phiên bản tiền nhiệm, cụ thể chiếc máy tính bảng này có khả năng kết nối với bộ bàn phím thông minh của Apple thông qua cổng kết nối riêng biệt thên thân máy..','https://salt.tikicdn.com/cache/200x200/ts/product/9f/13/87/0d1dca5b6f328c05620a59caa63bdfec.jpg','iPad Air 10.5 Wi-Fi 64GB New 2019 - Nhập Khẩu Chính Hãng',12000000.00,'https://salt.tikicdn.com/cache/75x75/ts/product/9f/13/87/0d1dca5b6f328c05620a59caa63bdfec.jpg',2,22,'100',_binary ''),(37,'2019-11-22 11:06:59','2019-11-22 11:06:59','','Màn Hình AOC E2070SWN 20inch sử dụng công nghệ đèn nền LED xanh không chứa thủy ngân gây hại cho sức khỏe cũng như giúp tiết kiệm năng lượng lên đến 50% so với các sản phẩm sử dụng tấm nền CCFL. Với kích thước 19.5 inch cùng lớp viền mỏng cho cảm giác màn hình rộng hơn so với các màn hình khác cùng kích cỡ, thích hợp sử dụng tại nhà cũng như văn phòng. Màn hình sử dụng công nghệ Ultra-high Dynamic Contrast Ratio giúp nâng độ tương phản của màn hình lên đến 20.000.000:1. Do đó, những hình ảnh hiển thị sẽ trở nên rõ nét và có chiều sâu hơn kể cả khi lướt web, xem phim hay chơi game. Màn hình sử dụng phần mềm độc đáo giúp người dùng dễ dàng tùy chỉnh hình ảnh hiển thị qua i-Menu với 5 chế độ chính phù hợp từng mục đích sử dụng như xem văn bản, duyệt web, xem phim, chơi game và xem thể thao. Bên cạnh đó, ứng dụng này còn giúp bạn lựa chọn các chế độ tiết kiệm năng lượng linh hoạt Eco Mode. Sản phẩm sử dụng cổng kết nối VGA và hỗ trợ công nghệ Plug & Play. Tính năng này giúp bạn kết nối màn hình một cách dễ dàng nhất mà không phải qua các bước phức tạp.','https://salt.tikicdn.com/cache/200x200/media/catalog/product/p/r/produto_aoc_4_serie_70_p_62.jpg','Màn Hình AOC E2070SWN 20inch HD 5ms 60Hz TN - Hàng Chính Hãng',1500000.00,'https://salt.tikicdn.com/cache/75x75/media/catalog/product/p/r/produto_aoc_4_serie_70_p_62.jpg',6,23,'100',_binary ''),(38,'2019-11-22 11:06:59','2019-11-22 11:06:59','','Màn Hình Dell Alienware AW2518H sở hữu vẻ ngoài đặc trưng của dòng sản phẩm Alienware, thiết kế góc cạnh, vuông vức, mặt lưng trông như chiếc phi thuyền của người ngoài hành tinh và có điểm nhấn là phần đèn LED trên logo Alienware. Viền màn hình cực mỏng của AW2518H khá lý tưởng cho các thiết lập đa màn hình liền mạch. AW2518H được trang bị công nghệ NVidia GSync. Công nghệ chống xé hình này làm cho các game hành động trên màn hình được thể hiện mượt mà hơn, phù hợp với những game thủ chuyên nghiệp đòi hỏi cao trong từng khung hình, từng chi tiết nhỏ nhất. Ngoài ra còn được trang bị đèn trên logo và mặt sau của màn hình, đi cùng công nghệ chiếu sáng AlienFX RGB, cho phép người dùng tùy chỉnh ánh sáng ở phía sau và cũng có thể đồng bộ các hiệu ứng ánh sáng với hành động trên màn hình cho các trò chơi tương thích. AW2518H được trang bị bảng điều khiển Game-centric On-Screen Display (OSD), game thủ có thể tùy chỉnh các chế độ và cài đặt trước trên OSD của màn hình, giúp tối ưu hóa các trò chơi mà không cần phải điều chỉnh bằng tay mỗi lần chơi game.','https://salt.tikicdn.com/cache/200x200/ts/product/84/29/e6/73a646212c81b603a0f855009e0787a5.jpg','Màn Hình Gaming Dell Alienware AW2518H 25inch FullHD 1ms 240Hz G-Sync TN - Hàng Chính Hãng',10000000.00,'https://salt.tikicdn.com/cache/75x75/ts/product/84/29/e6/73a646212c81b603a0f855009e0787a5.jpg',6,24,'100',_binary ''),(39,'2019-11-22 11:06:59','2019-11-22 11:06:59','','Dễ dàng làm việc với đám đông Khi bạn cần tạo sự ấn tượng tốt, thuyết trình không dây có thể giúp bạn thực hiện một cách chuyên nghiệp và suôn sẻ. Thiết bị hỗ trợ bạn tự do di chuyển quanh phòng và hoà mình với khán giả để đạt được hiệu quả lớn hơn. Điều khiển slideshow Với thiết kế các nút lõm xuống và trơn mượt nên dẽ nhận biết trong quá trình sử dụng giúp bạn quản lí các truyết trình từ đầu đến cuối. Con trỏ laser màu đỏ Di chuyển chính xác đến đối tượng mà bạn muốn chỉ vào. Khoảng cách kết nối lên đến 15m Kết nối không dây cực mạnh với sóng 2.4Ghz vì vậy mà bạn có thể tự do di chuyển, trao đổi, thảo luận với mọi người trong phòng. Kết nối dễ dàng Không cần cài driver, chỉ cần gắn thiết bị thu sóng vào máy tính là có thể sử dụng được ngay. Gói sản phẩm - Thiết bị trình chiều R400 - Đầu thu - 2 pin  AAA - Túi đựng - Sách hướng dẫn','https://salt.tikicdn.com/cache/200x200/ts/product/ad/0a/2a/b571732c6178ceac4ab992b625d89595.jpg','Thiết Bị Trình Chiếu Trợ Giảng bằng tia Lazer R400',139000.00,'https://salt.tikicdn.com/cache/75x75/ts/product/ad/0a/2a/b571732c6178ceac4ab992b625d89595.jpg',7,25,'100',_binary ''),(40,'2019-11-22 11:06:59','2019-11-22 11:06:59','','Với Canon LBP 2900, bạn sẽ không phải tốn quá nhiều thời gian cho việc in ấn. Bạn sẽ có ngay bản in đầu tiên chỉ sau 9.3 giây mà vẫn đảm bảo chất lượng ổn định. Đối với việc in văn bản, tài liệu, máy có thể đạt tốc độ in 12 trang A4 trong một phút.  Vận dụng sức mạnh từ công nghệ in tiên tiến CAPT và kiến trúc nén thông minh Hi-ScoA, thiết bị này có thể xử lý các dữ liệu hình ảnh nhanh hơn các máy in thông thường bằng cách nén dữ liệu in vào một kích thước nhỏ hơn để có thể nhanh chóng truyền dữ liệu đó từ máy tính sang máy in có CAPT. Tính năng này giúp tăng tốc độ in mà không phải nâng cấp bộ nhớ máy in. Với độ phân giải tối đa lên đến 2400 x 600 dpi, Canon LBP 2900 sẽ mang đến cho bạn những bản in đen trắng rõ ràng và sắc nét. Bạn có thể in giấy tờ, văn bản một cách nhanh chóng và dễ dàng nhất. Máy có kích thước 370 x 251 x 217 mm và khối lượng 5.7 kg, rất phù hợp để sử dụng trong gia đình hoặc văn phòng có diện tích nhỏ và vừa. Bên cạnh đó, thiết kế đơn giản của thiết bị cũng sẽ giúp cho không gian làm việc của bạn trở nên tinh tế hơn.','https://salt.tikicdn.com/cache/200x200/ts/product/16/a9/c9/ec0f9f08636284b3a703caa4c566b2f0.jpg','Máy In Laser Đơn Năng Canon LBP 2900 - Hàng chính hãng',2779000.00,'https://salt.tikicdn.com/cache/75x75/ts/product/16/a9/c9/ec0f9f08636284b3a703caa4c566b2f0.jpg',7,26,'100',_binary ''),(41,'2019-11-22 11:06:59','2019-11-22 11:06:59',' ','Tính năng cơ bản : + Dung lượng giặt: 8 kg, 1400 vòng/ phút + 16 chương trình giặt + Chế độ giặt sơ bộ + Chế độ xả thêm + Điều khiển điện tử, màn hình hiển thị LED +Tiêu chuẩn tiết kiệm năng lượng: A+++ Chứ năng an toàn: + Khoá trẻ em + Chế độ chống tràn Thông số kỹ thuật: + Độ ồn khi giặt: 57 dB + Độ ồn khi vắt: 76 dB + Tổng công suất: 2000W + Hiệu điện thế: 220 - 240V + Mức tiêu thụ điện: 0,94 kWh/ 1 lần rửa + Mức tiêu thụ nước: 54 lít/ 1 lần rửa + Kích thước sản phẩm: 595R x 825C x 540S m + Kích thước lắp đặt: 600R x 825C x 580S mm','https://salt.tikicdn.com/cache/200x200/ts/product/a5/e8/f6/bc2858e1be1844a6f9248aa2f3ca884c.jpg','MÁY GIẶT ÂM TỦ 8KG HAFELE HW-B60A 538.91.080 - HÀNG CHÍNH HÃNG',22000000.00,'https://salt.tikicdn.com/cache/75x75/ts/product/c5/c0/27/2b846abda863abe438aa1dbd1b5ba6c7.jpg',4,27,'100',_binary ''),(42,'2019-11-22 11:06:59','2019-11-22 11:06:59',' ','Thông Tin Chung Loại máy giặt Lồng ngang Khối lượng giặt Giặt 10.0/ sấy 6.0kg Khối lượng đồ giặt Trên 8.5 Kg Động Cơ Curoa Công nghệ giặt Econavi, Hệ Thống ActiveFoam Tính Năng Sản Phẩm Tính năng khác Hệ thống sấy khô Eco mới, giặt nhanh 34 Lồng Giặt Thép không gỉ Chương trình giặt Cotton, Giặt mạnh, Giặt tay, Đồ ngủ, Ngâm, ECONAVI, Làm sạch lồng giặt, Giặt&Sấy khô Khóa trẻ em','https://salt.tikicdn.com/cache/200x200/ts/product/0f/4d/3a/51ef4d2e5c513596fd6a737a60a77b32.png','Máy Giặt Sấy PANASONIC 10.0/6.0 Kg NA-D106X1WVT - HÀNG CHÍNH HÃNG',28000000.00,'https://salt.tikicdn.com/cache/75x75/ts/product/0f/4d/3a/51ef4d2e5c513596fd6a737a60a77b32.png',4,28,'100',_binary '');
/*!40000 ALTER TABLE `product` ENABLE KEYS */;
UNLOCK TABLES;

--
-- Table structure for table `product_detail`
--

DROP TABLE IF EXISTS `product_detail`;
/*!40101 SET @saved_cs_client     = @@character_set_client */;
/*!50503 SET character_set_client = utf8mb4 */;
CREATE TABLE `product_detail` (
  `product_detail_id` bigint(20) NOT NULL AUTO_INCREMENT,
  `created_at` timestamp NULL DEFAULT NULL,
  `last_modified_at` timestamp NULL DEFAULT NULL,
  `accessories` mediumtext CHARACTER SET utf8mb4 COLLATE utf8mb4_swedish_ci,
  `guarantee` mediumtext CHARACTER SET utf8mb4 COLLATE utf8mb4_swedish_ci,
  `image1` varchar(255) CHARACTER SET utf8mb4 COLLATE utf8mb4_swedish_ci DEFAULT NULL,
  `image2` varchar(255) CHARACTER SET utf8mb4 COLLATE utf8mb4_swedish_ci DEFAULT NULL,
  `image3` varchar(255) CHARACTER SET utf8mb4 COLLATE utf8mb4_swedish_ci DEFAULT NULL,
  `image4` varchar(255) CHARACTER SET utf8mb4 COLLATE utf8mb4_swedish_ci DEFAULT NULL,
  `image5` varchar(255) CHARACTER SET utf8mb4 COLLATE utf8mb4_swedish_ci DEFAULT NULL,
  `information` mediumtext CHARACTER SET utf8mb4 COLLATE utf8mb4_swedish_ci,
  PRIMARY KEY (`product_detail_id`)
) ENGINE=InnoDB AUTO_INCREMENT=29 DEFAULT CHARSET=utf8mb4 COLLATE=utf8mb4_swedish_ci;
/*!40101 SET character_set_client = @saved_cs_client */;

--
-- Dumping data for table `product_detail`
--

LOCK TABLES `product_detail` WRITE;
/*!40000 ALTER TABLE `product_detail` DISABLE KEYS */;
INSERT INTO `product_detail` VALUES (1,'2019-11-22 11:02:06','2019-11-22 11:02:06',' ',' ','https://salt.tikicdn.com/cache/200x200/media/catalog/product/l/o/loa-jbl-charge-3_6_xam%20(1).u425.d20160531.t123434.jpg','https://salt.tikicdn.com/cache/75x75/media/catalog/product/l/o/loa-jbl-charge-3_6_xam%20(3).u425.d20160531.t123434.jpg','https://salt.tikicdn.com/cache/75x75/media/catalog/product/l/o/loa-jbl-charge-3_6_xam%20(4).u425.d20160531.t123434.jpg','https://salt.tikicdn.com/cache/75x75/media/catalog/product/l/o/loa-jbl-charge-3_6_xam%20(2).u425.d20160531.t123434.jpg','https://salt.tikicdn.com/cache/550x550/media/catalog/product/l/o/loa-jbl-charge-3_6_xam%20(3).u425.d20160531.t123434.jpg',' Loa Bluetooth JBL Charge 3 20W - Hàng Chính Hãng'),(2,'2019-11-22 11:02:06','2019-11-22 11:02:06',' ',' ','https://salt.tikicdn.com/cache/200x200/ts/product/04/5b/c7/c9dbbae07496a89855b803f787cbd119.jpg','https://salt.tikicdn.com/cache/75x75/ts/product/04/5b/c7/c9dbbae07496a89855b803f787cbd119.jpg','https://salt.tikicdn.com/cache/75x75/ts/product/12/0f/e1/5253d2cfee516a143e0ea0477d474e58.jpg',' ',' ','Tai Nghe Bluetooth Thể Thao Jabra Elite 65t - Hàng Chính Hãng'),(3,'2019-11-22 11:02:06','2019-11-22 11:02:06',' ',' ','https://salt.tikicdn.com/cache/200x200/ts/product/b6/42/82/c33991d58757de0bd95308c7680ee8b1.jpg','https://salt.tikicdn.com/cache/75x75/ts/product/10/97/82/b9709820d6708da89483d77bd2822671.jpg',' ',' ',' ','Trang bị 3 cổng kết nối: Lightning, Micro USB, Type C'),(4,'2019-11-22 11:02:06','2019-11-22 11:02:06',' ',' ','https://salt.tikicdn.com/cache/200x200/media/catalog/product/1/_/1.u4064.d20170701.t072018.697940.jpg','https://salt.tikicdn.com/cache/75x75/media/catalog/product/1/_/1.u4064.d20170701.t072018.697940.jpg','https://salt.tikicdn.com/cache/w75/media/catalog/product/1/2/1232.u4064.d20170701.t115627.317881.jpg','https://salt.tikicdn.com/cache/w75/media/catalog/product/1/4/14114.u4064.d20170701.t115627.365554.jpg','','Chất liệu bền bỉ, chống chịu va đập Tương thích tốt với nhiều thiết bị Smartphone Trang bị công nghệ sạc nhanh PowerIQ và VoltageBoost hiện đại Hệ thống an toàn MultiProtect chống đoản mạch và cháy nổ Dung lượng lớn 20.000mAh sạc được nhiều lần'),(5,'2019-11-22 11:02:06','2019-11-22 11:02:06',' ',' ','https://salt.tikicdn.com/cache/200x200/ts/product/d4/db/de/93f48f8bd78621903011961ac870d325.jpg','https://salt.tikicdn.com/cache/75x75/ts/product/d4/db/de/93f48f8bd78621903011961ac870d325.jpg','https://salt.tikicdn.com/cache/75x75/ts/product/c6/b2/fe/11444c29030c89c0f843c8a85269d082.jpg','https://salt.tikicdn.com/cache/75x75/ts/product/9f/57/0b/591ec23e4072f9fc118aec6924811a50.jpg','https://salt.tikicdn.com/cache/75x75/ts/product/83/96/5e/8c659fe308c58f737a1339b043e6b167.jpg','CPU: AMD Ryzen 5 2500U Mobile Processor(2.00Ghz upto 3.60GHz, 4Cores, 8Threads, 4MB Cache) Memory: 8GB DDr4 Bus 2400Mhz (2 Slot, Max 32GB Ram) HDD: 1TB (1000GB) 5400rpm Hard Drive Sata (Support SSD M.2) VGA: NVIDIA GeForce GTX1050 with 4GB GDDR5 / AMD Radeon Vega 8 Graphics Display: 15.6 inch Full HD (1920 x 1080) 60Hz Anti Glare IPS Level Panel 45% NTSC'),(6,'2019-11-22 11:02:06','2019-11-22 11:02:06',' ',' ','https://salt.tikicdn.com/cache/200x200/ts/product/4d/b1/db/3e4ed7f0a02d017d7086bbce1d640820.jpg','https://salt.tikicdn.com/cache/75x75/ts/product/4d/b1/db/3e4ed7f0a02d017d7086bbce1d640820.jpg','https://salt.tikicdn.com/cache/75x75/ts/product/63/7a/d2/3f67cc111db673c8115ae4a2f4a86869.jpg','https://salt.tikicdn.com/cache/75x75/ts/product/d7/77/80/a3af4ae1467162e3c6b5163501cafebd.jpg','https://salt.tikicdn.com/cache/75x75/ts/product/da/3d/1d/0554c936b560b81b2f4940301e9253b6.jpg','Chip: Intel Core i5-8250U (1.6GHz upto 3.4GHz, 4Cores, 8Threads, 6MB Cache, FSB 4GT/s) RAM: 8GB LPDDR3-2133MHz Ổ cứng: 256GB SSD M.2 Sata Chipset đồ họa: Intel UHD Graphics 620 Màn hình: 14.0-inch FHD (1920x1080) IPS 60Hz Anti-Glare Panel with 72% NTSC Hệ điều hành: Windows 10 bản quyền Pin: 4-Cells 48 Whrs'),(7,'2019-11-22 11:02:06','2019-11-22 11:02:06',' ',' ','https://salt.tikicdn.com/cache/200x200/ts/product/6a/34/84/d268b3c4f52c6751e4c9bd076a930831.jpg','https://salt.tikicdn.com/cache/75x75/ts/product/03/75/af/00c042770e43dd7760a2350736cbf023.jpg',' https://salt.tikicdn.com/cache/75x75/ts/product/6f/05/b2/e536ff46915a4e8e84b9c8ab2d60e8c0.jpg',' ',' ','Nhà sản xuất : DELL Màn hình DELL : E2216hv 22inch FULL HD hàng chính hãng Model : Dell Optiplex SFF Chipset bo mạch chủ : Intel Q77 Express Chipset Bộ vi xử lý : Intel Core i5 3470 Processor (6M Cache, up to 3.60 GHz) Dung lượng Ổ cứng : SSD 120GB Dung lượng RAM DDR3 : 8GB bus 1333/1600Mhz Ổ quang ( Optical drive ) : DVDRom SATA VGA : Graphics on Card VGA 1G onboard Integrated Intel HD Graphics Media Accelerator Card mạng : 10/100/1000Mbps Card âm thanh : Onboard 2.1 Hight Definition Nguồn : auto 100v-240v 265w Tính năng cổng giao tiếp : USB 4 cổng 3.0, 6 Cổng USB 2.0. PS2 có 2 cổng Free cài sẵn hệ điều hành windows 7 64bit hoặc Windows 10 64bit'),(8,'2019-11-22 11:02:06','2019-11-22 11:02:06',' ',' ','https://salt.tikicdn.com/cache/200x200/ts/product/03/75/af/00c042770e43dd7760a2350736cbf023.jpg','https://salt.tikicdn.com/cache/75x75/ts/product/03/75/af/00c042770e43dd7760a2350736cbf023.jpg',' https://salt.tikicdn.com/cache/75x75/ts/product/6f/05/b2/e536ff46915a4e8e84b9c8ab2d60e8c0.jpg',' ',' ','Nhà sản xuất : DELL Màn hình DELL : E2216hv 22inch FULL HD hàng chính hãng Model : Dell Optiplex SFF Chipset bo mạch chủ : Intel Q77 Express Chipset Bộ vi xử lý : Intel Core i5 3470 Processor (6M Cache, up to 3.60 GHz) Dung lượng Ổ cứng : SSD 120GB Dung lượng RAM DDR3 : 8GB bus 1333/1600Mhz Ổ quang ( Optical drive ) : DVDRom SATA VGA : Graphics on Card VGA 1G onboard Integrated Intel HD Graphics Media Accelerator Card mạng : 10/100/1000Mbps Card âm thanh : Onboard 2.1 Hight Definition Nguồn : auto 100v-240v 265w Tính năng cổng giao tiếp : USB 4 cổng 3.0, 6 Cổng USB 2.0. PS2 có 2 cổng Free cài sẵn hệ điều hành windows 7 64bit hoặc Windows 10 64bit'),(9,'2019-11-22 11:02:06','2019-11-22 11:02:06',' ',' ','https://salt.tikicdn.com/cache/200x200/ts/product/00/47/df/b02b462394bc3c59e5876ec0d9cb6ae8.jpg','https://salt.tikicdn.com/cache/75x75/ts/product/00/47/df/b02b462394bc3c59e5876ec0d9cb6ae8.jpg','https://salt.tikicdn.com/cache/75x75/media/catalog/product/c/a/canon_750 2.u2470.d20160627.t172653.jpg','https://salt.tikicdn.com/cache/75x75/media/catalog/product/c/a/canon_750 5.u2470.d20160627.t172653.jpg','https://salt.tikicdn.com/cache/75x75/media/catalog/product/c/a/canon_750 6.u2470.d20160627.t172653.jpg','Cảm biến: CMOS 24.2MP Bộ xử lý hình ảnh: DIGIC 6 ISO: ISO 100 - ISO 6400 Hệ thống lấy nét: 19 điểm Chụp ảnh liên tục: tối đa khoảng 5,0 ảnh/giây Truyền hình ảnh nhanh với kết nối Wifi'),(10,'2019-11-22 11:02:06','2019-11-22 11:02:06',' ',' ','https://salt.tikicdn.com/cache/200x200/media/catalog/product/1/_/1.u2769.d20170622.t164957.150266.jpg','https://salt.tikicdn.com/cache/75x75/media/catalog/product/1/_/1.u2769.d20170622.t164957.150266.jpg','https://salt.tikicdn.com/cache/75x75/media/catalog/product/2/_/2.u2769.d20170622.t164957.201293.jpg','https://salt.tikicdn.com/cache/75x75/media/catalog/product/3/_/3.u2769.d20170622.t164957.244404.jpg','https://salt.tikicdn.com/cache/75x75/media/catalog/product/4/_/4.u2769.d20170622.t164957.289951.jpg','Cảm biến: CMOS APS-C 25MP Bộ xử lý hình ảnh: Nikon EXPEED 4 ISO: Auto, 100 - 25.600 Hệ thống lấy nét: 39. Có thể chọn 39 hoặc 11 điểm Chụp ảnh liên tục: Tối đa khoảng 5 ảnh/giây'),(11,'2019-11-22 11:02:06','2019-11-22 11:02:06',' ',' ','https://salt.tikicdn.com/cache/200x200/media/catalog/product/s/e/sel%2016.70_1.u504.d20160916.t160438.43252.jpg','https://salt.tikicdn.com/cache/75x75/media/catalog/product/s/e/sel 16.70_1.u504.d20160916.t160438.43252.jpg',' https://salt.tikicdn.com/cache/75x75/media/catalog/product/s/e/sel 16.70_3.u504.d20160916.t160438.95617.jpg','https://salt.tikicdn.com/cache/75x75/media/catalog/product/s/e/sel 16.70_4.u504.d20160916.t160438.152590.jpg','https://salt.tikicdn.com/cache/75x75/ts/product/88/eb/e6/0ce9da7de077fe73ff3bc5c7d1184511.jpg','Ngàm Sony E-Mount Tiêu cự tương đương 24-105mm theo định dạng 35mm Khẩu độ F/4-F/22 Ổn định hình ảnh OSS 4 thấu kính phi cầu Lớp tráng phủ Carl Zeiss T* Khẩu độ tối đa cố định F/4 Thiết kế lá khẩu tròn'),(12,'2019-11-22 11:02:06','2019-11-22 11:02:06',' ',' ','https://salt.tikicdn.com/cache/200x200/media/catalog/product/1/_/1.u2566.d20170418.t120802.488399.jpg','https://salt.tikicdn.com/cache/75x75/media/catalog/product/1/_/1.u2566.d20170418.t120802.488399.jpg','https://salt.tikicdn.com/cache/75x75/media/catalog/product/2/_/2.u2566.d20170418.t120802.539126.jpg','https://salt.tikicdn.com/cache/75x75/media/catalog/product/3/_/3.u2566.d20170418.t120802.581471.jpg',' ','Độ dài tiêu cự: 50mm Tương thích Sony E-mount (Full-Frame) Khoảng cách lấy nét tối thiểu: 1,48\" (45 cm) Tỷ lệ phóng đại hình ảnh tối đa (x): 0.15'),(13,'2019-11-22 11:02:06','2019-11-22 11:02:06',' ',' ','https://salt.tikicdn.com/cache/200x200/ts/product/ab/c1/69/00a248a6b7849f83ea1d9cb630ac89d5.jpg','https://salt.tikicdn.com/cache/75x75/ts/product/ab/c1/69/00a248a6b7849f83ea1d9cb630ac89d5.jpg','https://salt.tikicdn.com/cache/75x75/ts/product/8f/0e/e6/889f845eb70efdfce7a15afc06123e50.jpg',' ',' ','Loại thẻ: SDXC dùng cho máy ảnh, máy quay phim Dòng sản phẩm: Extreme Pro V30 Tốc độ đọc: 170MB/s (Tốc độ ghi trung bình thực tế sẽ thấp hơn) Tốc độ ghi: 90MB/s (Tốc độ ghi trung bình thực tế sẽ thấp hơn) Hỗ trợ quay 4K UHD Dung lượng: 64GB'),(14,'2019-11-22 11:02:06','2019-11-22 11:02:06',' ',' ','https://salt.tikicdn.com/cache/200x200/ts/product/20/55/83/2102f00d33d9e500311897ad9ec74b08.jpg','https://salt.tikicdn.com/cache/75x75/ts/product/20/55/83/2102f00d33d9e500311897ad9ec74b08.jpg',' https://salt.tikicdn.com/cache/75x75/ts/product/22/57/2d/6ddeff306375ddd6c8c7fd9af2a8fb5d.jpg','https://salt.tikicdn.com/cache/75x75/ts/product/6c/35/25/faa56e34ccc9a63b27650ae919be4470.jpg','https://salt.tikicdn.com/cache/75x75/ts/product/05/5e/91/6675b51f501feacf7393943543c7700f.jpg','Thiết kế thông minh tối ưu cho điện thoại Smartphone Tương thích với Điện thoại sử dụng hệ điều hành Android và IOS Thời gian sử dụng pin của Zhiyun Smooth 4 lên tới 10 giờ Bánh Xoay điều chính zoom và focus theo ý muốn Chế độ \"PhoneGo\" giúp phản ứng nhanh Chế độ hiệu ứng Vertigo Dolly/ Zoom Kiểm soát chọn chức năng cho điện thoại Hổ trợ chế độ Time-Lapse & Tracking 360° Pan, 240° Nghiêng & Cuộn Có thể vừa sạc khi gimbal đang hoạt động'),(15,'2019-11-22 11:04:09','2019-11-22 11:04:09','   ','   ','https://salt.tikicdn.com/cache/75x75/ts/product/b1/19/44/c545e8cad39320ef1bb21e90ba544406.jpg','https://salt.tikicdn.com/cache/75x75/ts/product/b1/19/44/c545e8cad39320ef1bb21e90ba544406.jpg',' https://salt.tikicdn.com/cache/75x75/ts/product/27/cf/ad/3909d5dad1aa8a5af56465fe721360b8.jpg','https://salt.tikicdn.com/cache/75x75/ts/product/56/9c/1a/fde394d013b354e81aa92e2ae185edde.jpg','https://salt.tikicdn.com/cache/75x75/ts/product/61/bd/7b/e2117706b7b4f42e4680fd3275c518f1.jpg','Chính hãng, nguyên seal, mới 100%, chưa Active Màn hình: AMOLED, 6.2\", Full HD+ Camera trước: 20 MP Camera sau: Chính 48 MP & Phụ 8 MP, 5 MP Bộ vi xử lý: Qualcomm Snapdragon 675 8 nhân 64-bit Bộ nhớ ROM: 64GB RAM: 6GB Sim tương thích: 2 Nano SIM, Hỗ trợ 4G Tính năng: Mở khoá vân tay dưới màn hình'),(16,'2019-11-22 11:04:09','2019-11-22 11:04:09','   ','   ','https://salt.tikicdn.com/cache/75x75/ts/product/47/40/70/48a601dde91cf13873471009364690a8.jpg','https://salt.tikicdn.com/cache/75x75/ts/product/9f/fa/a9/8df89714e77a2d28724d65317ab8eab2.jpg',' https://salt.tikicdn.com/cache/75x75/ts/product/98/2f/d5/da147be9ca543b81d634b6b3bd86bad5.jpg','https://salt.tikicdn.com/cache/75x75/ts/product/98/2f/d5/da147be9ca543b81d634b6b3bd86bad5.jpg','https://salt.tikicdn.com/cache/75x75/ts/product/e5/ec/68/f0e6a839aa9f41572d7651e72edc4b95.jpg','Chính hãng, Nguyên seal, Mới 100% Bản quốc tế, Sẵn Tiếng Việt Miễn phí giao hàng toàn quốc Thiết kế: Nguyên khối Màn hình: 6.18 inch IPS LCD, Full HD+ (1080 x 2246 pixels) 16M colors Camera Trước/Sau: 20 MP, f/2.0, 0.9µm / 12 MP, f/1.9, 1/2.55\", 1.4µm, dual pixel PDAF 5 MP, depth sensor CPU: Qualcomm SDM845 Snapdragon 845 Octa-core Bộ Nhớ: 64GB RAM: 6GB SIM tương thích: Nano SIM Tính năng: Mở khóa bằng vân tay, Mở khóa bằng khuôn mặt, Chụp ảnh xóa phông, sạc pin nhanh,...'),(17,'2019-11-22 11:04:09','2019-11-22 11:04:09','   ','   ','https://salt.tikicdn.com/cache/75x75/ts/product/a5/bd/5c/a8cf273bb33c67d409881164119782fa.jpg','https://salt.tikicdn.com/cache/75x75/ts/product/1b/63/af/d5572bb5d9e50c932749af6acaa82e10.jpg',' https://salt.tikicdn.com/cache/75x75/ts/product/ca/be/94/233950acb1f9df15675c38e0f1507571.jpg','https://salt.tikicdn.com/cache/75x75/ts/product/a5/bd/5c/a8cf273bb33c67d409881164119782fa.jpg','https://salt.tikicdn.com/cache/75x75/ts/product/a5/bd/5c/a8cf273bb33c67d409881164119782fa.jpg','Loại Tivi: Smart Tivi, 55 inch Độ phân giải: 4K UHD (3840 x 2160) Tần số quét: 100 Hz Ứng dụng có sẵn: Zing MP3, FPT Play, Trình duyệt web, Youtube, Karaoke Ứng dụng có thể tải thêm: Zing TV, Nhạc của tui, Facebook, Spotify, ClipTV, Karaoke Công nghệ hình ảnh: HDR, UHD Dimming, Purcolour Điều khiển Tivi bằng điện thoại: Ứng dụng Samsung Smart Things'),(18,'2019-11-22 11:04:09','2019-11-22 11:04:09','   ','   ','https://salt.tikicdn.com/cache/75x75/ts/product/c2/73/18/22879b35f72c0eceaddbffa464c7aa54.jpg','https://salt.tikicdn.com/cache/75x75/ts/product/8f/89/2f/2cf913257e158ecaa730f1131459b133.jpg',' https://salt.tikicdn.com/cache/75x75/ts/product/77/fa/d1/c26204c987a3a570881c770f024a6ef7.jpg','https://salt.tikicdn.com/cache/75x75/ts/product/18/ff/69/d17604f304f4537c87b48559f64209a3.jpg','https://salt.tikicdn.com/cache/75x75/ts/product/18/ff/69/d17604f304f4537c87b48559f64209a3.jpg','Loại Tivi: Smart TV Độ phân giải: 4K Tần số quét: TruMotion 100 (Refresh Rate 50Hz) Hệ điều hành: webOS Smart TV Các ứng dụng sẵn có :FPT play, Youtube, VTV go, Zing Mp3, Kho ứng dụng Các ứng dụng có thể tải thêm: Benthanh Karaoke, Nhaccuatui, Zing TV, Zing MP3 Công nghệ âm thanh: DTS Virtual X Điều khiển tivi bằng điện thoại: Bằng ứng dụng LG TV Plus'),(19,'2019-11-22 11:04:09','2019-11-22 11:04:09','   ','   ','https://salt.tikicdn.com/cache/75x75/ts/product/ee/91/73/9b74354498138aecf37f12a415ed6f01.jpg','https://salt.tikicdn.com/cache/75x75/media/catalog/product/2/_/2.u5395.d20170824.t162040.468900.jpg',' https://salt.tikicdn.com/cache/75x75/media/catalog/product/2/_/2.u5395.d20170824.t162040.468900.jpg','https://salt.tikicdn.com/cache/75x75/media/catalog/product/3/_/3.u5395.d20170824.t162040.497745.jpg','https://salt.tikicdn.com/cache/75x75/media/catalog/product/4/_/4.u5395.d20170824.t162040.525535.jpg','Dung tích sử dụng 208L Duy trì độ ẩm đồng đều tại khắp các ngăn Công nghệ Digital Inverter hoạt động bền bỉ Miếng đệm kháng khuẩn, chống nấm mốc'),(20,'2019-11-22 11:04:09','2019-11-22 11:04:09','   ','   ','https://salt.tikicdn.com/cache/75x75/ts/product/80/89/aa/f3735094f91e6f0395fcc3c4e15f51ee.jpg','https://salt.tikicdn.com/cache/75x75/ts/product/73/53/46/87018ff8f2810bd09f599da9176f954f.jpg','https://salt.tikicdn.com/cache/75x75/ts/product/73/53/46/87018ff8f2810bd09f599da9176f954f.jpg','https://salt.tikicdn.com/cache/75x75/ts/product/c6/56/c3/a5f948bf789c48defadbad2e76f059b3.jpg','https://salt.tikicdn.com/cache/75x75/ts/product/fd/0d/b6/f24c5492177ee3eebbbbdbc5bfadab8a.jpg','Dung tích: 90L Kiểu tủ: 1 Cửa Công nghệ: Non-Inverter Làm lạnh: Hệ thống làm lạnh trực tiếp Khay: Kính chịu lực'),(21,'2019-11-22 11:04:09','2019-11-22 11:04:09','   ','   ','https://salt.tikicdn.com/cache/75x75/ts/product/21/72/44/210faec56722151a70c28f2aefe36087.jpg','https://salt.tikicdn.com/cache/75x75/ts/product/73/53/46/87018ff8f2810bd09f599da9176f954f.jpg','https://salt.tikicdn.com/cache/75x75/ts/product/5d/8d/de/6140d49f0c179c0068d55f0591b47a12.jpg','https://salt.tikicdn.com/cache/75x75/ts/product/b5/ee/22/ed958baf197b4fd4267ca7ff9baa3c7c.jpg','https://salt.tikicdn.com/cache/75x75/ts/product/b5/ee/22/ed958baf197b4fd4267ca7ff9baa3c7c.jpg','Mã part : LL, ZP,... Nguyên seal, mới 100% Miễn phí giao hàng toàn quốc Thiết kế: Nhôm nguyên khối Màn hình: Retina 9.7 inch Camera Trước/Sau: 1.2MP/8MP CPU: Apple A10 Fusion 4 nhân 2.34GHz Bộ Nhớ: 32GB RAM: 2GB SIM: Không Tính năng: Mở khóa bằng vân tay'),(22,'2019-11-22 11:04:09','2019-11-22 11:04:09','   ','   ','https://salt.tikicdn.com/cache/75x75/ts/product/9f/13/87/0d1dca5b6f328c05620a59caa63bdfec.jpg','https://salt.tikicdn.com/cache/75x75/ts/product/2c/e5/eb/0626d649085ed4f47795e71072e41085.jpg','https://salt.tikicdn.com/cache/75x75/ts/product/1e/16/c7/6df72573cfec183512670d0ee85f5a4a.jpg','https://salt.tikicdn.com/cache/75x75/ts/product/b7/db/46/f0ddf1abe5cbd4228842bde74f2c6a09.jpg','https://salt.tikicdn.com/cache/75x75/ts/product/3c/ae/1b/29f06e4e59c6a83fcc894e68644a3365.jpg','Chính hãng, nguyên seal, mới 100%, chưa Active Miễn phí giao hàng toàn quốc Thiết kế: Nhôm nguyên khối Màn hình: 10.5\", (2224 x 1668 pixels) Camera Trước/Sau: 7MP/ 8MP Chipset: Apple A12 Bionic (7 nm) CPU: Hexa-core (2x2.5 GHz Vortex + 4x1.6 GHz Tempest) Bộ Nhớ: 64GB RAM: 3GB Tính năng: Mở khóa bằng vân tay Mã part: LL, ZP,...'),(23,'2019-11-22 11:04:09','2019-11-22 11:04:09','   ','   ','https://salt.tikicdn.com/cache/75x75/media/catalog/product/p/r/produto_aoc_4_serie_70_p_62.jpg','https://salt.tikicdn.com/cache/75x75/media/catalog/product/p/r/produto_aoc_5_serie_70_t_77.jpg','https://salt.tikicdn.com/cache/75x75/media/catalog/product/p/r/produto_aoc_6_serie_70_p_73.jpg','https://salt.tikicdn.com/cache/75x75/media/catalog/product/p/r/produto_aoc_1_serie_70_f_90.u600.d20160629.t131854.jpg','https://salt.tikicdn.com/cache/75x75/media/catalog/product/p/r/produto_aoc_1_serie_70_f_90.u600.d20160629.t131854.jpg','Màn Hình AOC E2070SWN 20inch HD 5ms 60Hz TN - Hàng Chính Hãng'),(24,'2019-11-22 11:04:09','2019-11-22 11:04:09','   ','   ','https://salt.tikicdn.com/cache/75x75/ts/product/84/29/e6/73a646212c81b603a0f855009e0787a5.jpg','https://salt.tikicdn.com/cache/75x75/ts/product/b1/7b/a8/e6329c5f8795c606bd89f4e77e131941.jpg','https://salt.tikicdn.com/cache/75x75/ts/product/b1/7b/a8/e6329c5f8795c606bd89f4e77e131941.jpg','https://salt.tikicdn.com/cache/75x75/ts/product/b1/7b/a8/e6329c5f8795c606bd89f4e77e131941.jpg','https://salt.tikicdn.com/cache/75x75/ts/product/b1/7b/a8/e6329c5f8795c606bd89f4e77e131941.jpg','Công nghệ màn hình: tấm nền TN Tỉ lệ tương phản: 1000 : 1 Độ sáng: 400 nits Tốc độ phản hồi: 1ms Tỉ lệ màn hình: 16:9 Độ phân giải: 1920 x 1080 pixels Trang bị công nghệ NVidia GSync'),(25,'2019-11-22 11:04:09','2019-11-22 11:04:09','   ','   ','https://salt.tikicdn.com/cache/75x75/ts/product/ad/0a/2a/b571732c6178ceac4ab992b625d89595.jpg','https://salt.tikicdn.com/cache/75x75/ts/product/12/b1/76/21fe962fa4676ec2c57a9a5e37bdfbc8.jpg','https://salt.tikicdn.com/cache/75x75/ts/product/12/b1/76/21fe962fa4676ec2c57a9a5e37bdfbc8.jpg','https://salt.tikicdn.com/cache/75x75/ts/product/12/b1/76/21fe962fa4676ec2c57a9a5e37bdfbc8.jpg','https://salt.tikicdn.com/cache/75x75/ts/product/12/b1/76/21fe962fa4676ec2c57a9a5e37bdfbc8.jpg','Kết nối dễ dàng Điều khiển slideshow Con trỏ laser màu đỏ Khoảng cách kết nối lên đến 15m'),(26,'2019-11-22 11:04:09','2019-11-22 11:04:09','   ','   ','https://salt.tikicdn.com/cache/75x75/ts/product/ad/0a/2a/b571732c6178ceac4ab992b625d89595.jpg','https://salt.tikicdn.com/cache/75x75/ts/product/12/b1/76/21fe962fa4676ec2c57a9a5e37bdfbc8.jpg','https://salt.tikicdn.com/cache/75x75/ts/product/7d/69/f6/ff3ea2eb9f1c4a78927f265908f184e5.jpg','https://salt.tikicdn.com/cache/75x75/ts/product/7d/69/f6/ff3ea2eb9f1c4a78927f265908f184e5.jpg','https://salt.tikicdn.com/cache/75x75/ts/product/7d/69/f6/ff3ea2eb9f1c4a78927f265908f184e5.jpg','Loại máy: Máy in lazer Tốc độ in: 12 trang/phút (A4) Bộ nhớ: Dùng bộ nhớ PC (bộ nhớ chuẩn 2 MB trên board) Khay giấy: 150 tờ Kết nối: USB 2.0 tốc độ cao Mực in: Cartridge 303'),(27,'2019-11-22 11:06:59','2019-11-22 11:06:59',' ',' ','https://salt.tikicdn.com/cache/75x75/ts/product/c5/c0/27/2b846abda863abe438aa1dbd1b5ba6c7.jpg','https://salt.tikicdn.com/cache/75x75/ts/product/c5/c0/27/2b846abda863abe438aa1dbd1b5ba6c7.jpg',' ',' ',' ','MÁY GIẶT ÂM TỦ 8KG HAFELE HW-B60A 538.91.080 - HÀNG CHÍNH HÃNG'),(28,'2019-11-22 11:06:59','2019-11-22 11:06:59',' ',' ','https://salt.tikicdn.com/cache/75x75/ts/product/0f/4d/3a/51ef4d2e5c513596fd6a737a60a77b32.png','https://salt.tikicdn.com/cache/75x75/ts/product/c6/94/66/f1139156b80952ec7e009cb1746afc18.png','https://salt.tikicdn.com/cache/75x75/ts/product/67/1e/98/f092ad2295231bc636b8fca7cb076391.png','https://salt.tikicdn.com/cache/75x75/ts/product/4e/59/c7/c952c7b69730d482feb1fe249712cca1.png',' ','Máy Giặt Sấy PANASONIC 10.0/6.0 Kg NA-D106X1WVT - HÀNG CHÍNH HÃNG');
/*!40000 ALTER TABLE `product_detail` ENABLE KEYS */;
UNLOCK TABLES;

--
-- Table structure for table `role`
--

DROP TABLE IF EXISTS `role`;
/*!40101 SET @saved_cs_client     = @@character_set_client */;
/*!50503 SET character_set_client = utf8mb4 */;
CREATE TABLE `role` (
  `role_id` bigint(20) NOT NULL AUTO_INCREMENT,
  `created_at` datetime DEFAULT NULL,
  `last_modified_at` datetime DEFAULT NULL,
  `role_name` varchar(255) CHARACTER SET utf8mb4 COLLATE utf8mb4_swedish_ci DEFAULT NULL,
  PRIMARY KEY (`role_id`)
) ENGINE=InnoDB AUTO_INCREMENT=3 DEFAULT CHARSET=utf8mb4 COLLATE=utf8mb4_swedish_ci;
/*!40101 SET character_set_client = @saved_cs_client */;

--
-- Dumping data for table `role`
--

LOCK TABLES `role` WRITE;
/*!40000 ALTER TABLE `role` DISABLE KEYS */;
INSERT INTO `role` VALUES (1,'2019-11-16 13:49:45','2019-11-16 13:49:45','ROLE_USER'),(2,'2019-11-16 13:49:45','2019-11-16 13:49:45','ROLE_ADMIN');
/*!40000 ALTER TABLE `role` ENABLE KEYS */;
UNLOCK TABLES;
/*!40103 SET TIME_ZONE=@OLD_TIME_ZONE */;

/*!40101 SET SQL_MODE=@OLD_SQL_MODE */;
/*!40014 SET FOREIGN_KEY_CHECKS=@OLD_FOREIGN_KEY_CHECKS */;
/*!40014 SET UNIQUE_CHECKS=@OLD_UNIQUE_CHECKS */;
/*!40101 SET CHARACTER_SET_CLIENT=@OLD_CHARACTER_SET_CLIENT */;
/*!40101 SET CHARACTER_SET_RESULTS=@OLD_CHARACTER_SET_RESULTS */;
/*!40101 SET COLLATION_CONNECTION=@OLD_COLLATION_CONNECTION */;
/*!40111 SET SQL_NOTES=@OLD_SQL_NOTES */;

-- Dump completed on 2019-12-03 22:13:01
